id,continent_id,name,name_en,map_type,source_url,created_at,updated_at
1,3,コルット地方,"Colt Region",field,https://dq10.i-k-e.net/map/コルット地方,"2026-03-12 21:04:14","2026-03-31 18:19:38"
2,3,レーナム緑野,"Lenam Fields",field,https://dq10.i-k-e.net/map/レーナム緑野,"2026-03-12 21:04:16","2026-03-31 18:19:38"
3,3,シエラ巡礼地,"Sierra Shrinelands",field,https://dq10.i-k-e.net/map/シエラ巡礼地,"2026-03-12 21:04:18","2026-03-31 18:19:38"
4,3,地底湖の洞くつ,"Underground Lake Cave",dungeon,https://dq10.i-k-e.net/map/地底湖の洞くつ,"2026-03-12 21:04:20","2026-03-31 18:19:38"
5,3,浜辺の洞くつ,"Beach Cave",dungeon,https://dq10.i-k-e.net/map/浜辺の洞くつ,"2026-03-12 21:04:24","2026-03-31 18:19:38"
6,3,ジュレー島下層,"Lower Jule Island",field,,"2026-03-12 21:04:26","2026-03-31 18:19:38"
7,3,ジュレー島上層,"Upper Jule Island",field,https://dq10.i-k-e.net/map/ジュレー島上層,"2026-03-12 21:04:29","2026-03-31 18:19:38"
8,3,ミューズ海岸,"Muse Coast",field,https://dq10.i-k-e.net/map/ミューズ海岸,"2026-03-12 21:04:31","2026-03-31 18:19:38"
9,3,ラーディス王島,"Ladis Island",field,https://dq10.i-k-e.net/map/ラーディス王島,"2026-03-12 21:04:33","2026-03-31 18:19:38"
10,3,ジュレリア地下廃坑,"Juleria Underground Mine",dungeon,https://dq10.i-k-e.net/map/ジュレリア地下廃坑,"2026-03-12 21:04:35","2026-03-31 18:19:38"
11,3,キュララナ海岸,"Kyurarana Coast",field,https://dq10.i-k-e.net/map/キュララナ海岸,"2026-03-12 21:04:37","2026-03-31 18:19:38"
12,3,猫島,"Cat Island",field,https://dq10.i-k-e.net/map/猫島,"2026-03-12 21:04:39","2026-03-31 18:19:38"
13,3,知恵の眠る遺跡,"Sleeping Wisdom Ruins",dungeon,https://dq10.i-k-e.net/map/知恵の眠る遺跡,"2026-03-12 21:04:41","2026-03-31 18:19:38"
14,3,海のとける洞くつ,"Sea Melting Cave",dungeon,https://dq10.i-k-e.net/map/海のとける洞くつ,"2026-03-12 21:04:43","2026-03-31 18:19:38"
15,3,ジュレイダ連塔遺跡,"Juleida Tower Remains",dungeon,https://dq10.i-k-e.net/map/ジュレイダ連塔遺跡,"2026-03-12 21:04:45","2026-03-31 18:19:38"
16,3,ヴェリナード領南,"Verinard South",field,https://dq10.i-k-e.net/map/ヴェリナード領南,"2026-03-12 21:04:48","2026-03-31 18:19:38"
17,3,ヴェリナード領北,"Verinard North",field,https://dq10.i-k-e.net/map/ヴェリナード領北,"2026-03-12 21:04:50","2026-03-31 18:19:38"
18,3,ヴァース大山林,"Verse Mountain Forest",field,https://dq10.i-k-e.net/map/ヴァース大山林,"2026-03-12 21:04:52","2026-03-31 18:19:38"
19,3,ブーナー熱帯雨林,"Booner Rainforest",field,https://dq10.i-k-e.net/map/ブーナー熱帯雨林,"2026-03-12 21:04:54","2026-03-31 18:19:38"
20,3,ケラコーナ原生林,"Keracona Primeval",field,https://dq10.i-k-e.net/map/ケラコーナ原生林,"2026-03-12 21:04:56","2026-03-31 18:19:38"
21,3,ヴェリナード領西,"Verinard West",field,https://dq10.i-k-e.net/map/ヴェリナード領西,"2026-03-12 21:04:58","2026-03-31 18:19:38"
22,3,クエド丘陵,"Kuedo Hill",field,https://dq10.i-k-e.net/map/クエド丘陵,"2026-03-12 21:05:00","2026-03-31 18:19:38"
23,3,永遠の地下迷宮,"Labyrinth of Eternity",dungeon,https://dq10.i-k-e.net/map/永遠の地下迷宮,"2026-03-12 21:05:02","2026-03-31 18:19:38"
24,3,詩歌の遺跡,"Poetry Ruins",dungeon,https://dq10.i-k-e.net/map/詩歌の遺跡,"2026-03-12 21:05:04","2026-03-31 18:19:38"
25,6,ランガーオ山地,"Langao Mountains",field,https://dq10.i-k-e.net/map/ランガーオ山地,"2026-03-12 21:05:06","2026-03-31 18:19:38"
26,6,ラギ雪原,"Ragi Snowfield",field,https://dq10.i-k-e.net/map/ラギ雪原,"2026-03-12 21:05:09","2026-03-31 18:19:38"
27,6,ロンダの氷穴,"Rhonda Ice Cave",dungeon,https://dq10.i-k-e.net/map/ロンダの氷穴,"2026-03-12 21:05:11","2026-03-31 18:19:38"
28,6,ナグアの洞くつ,"Nagua Caves",dungeon,https://dq10.i-k-e.net/map/ナグアの洞くつ,"2026-03-12 21:05:13","2026-03-31 18:19:38"
29,6,ダズの岩穴,"Daz Grotto",dungeon,https://dq10.i-k-e.net/map/ダズの岩穴,"2026-03-12 21:05:15","2026-03-31 18:19:38"
30,6,グレン領東,"Glen East",dungeon,https://dq10.i-k-e.net/map/グレン領東,"2026-03-12 21:05:17","2026-03-31 18:19:38"
31,6,グレン領西,"Glen West",field,https://dq10.i-k-e.net/map/グレン領西,"2026-03-12 21:05:19","2026-03-31 18:19:38"
32,6,ゲルト海峡,"Gert Strait",field,https://dq10.i-k-e.net/map/ゲルト海峡,"2026-03-12 21:05:21","2026-03-31 18:19:38"
33,6,ランドンフット,Landonfoot,field,https://dq10.i-k-e.net/map/ランドンフット,"2026-03-12 21:05:26","2026-03-31 18:19:38"
34,6,ゴズ渓谷,"Goz Valley",field,https://dq10.i-k-e.net/map/ゴズ渓谷,"2026-03-12 21:05:28","2026-03-31 18:19:38"
35,6,ランドン山脈,"Landon Mountains",field,https://dq10.i-k-e.net/map/ランドン山脈,"2026-03-12 21:05:30","2026-03-31 18:19:38"
36,6,ランドン山脈山頂付近,"Landon Summit Area",field,https://dq10.i-k-e.net/map/ランドン山脈山頂付近,"2026-03-12 21:05:32","2026-03-31 18:19:38"
37,6,ベコン渓谷,"Becon Valley",field,https://dq10.i-k-e.net/map/ベコン渓谷,"2026-03-12 21:05:34","2026-03-31 18:19:38"
38,6,ザマ峠,"Zama Pass",field,https://dq10.i-k-e.net/map/ザマ峠,"2026-03-12 21:05:36","2026-03-31 18:19:38"
39,6,バカン山道,"Bakan Mountain Pass",field,https://dq10.i-k-e.net/map/バカン山道,"2026-03-12 21:05:39","2026-03-31 18:19:38"
40,6,ガートラント領,"Gartlant Territory",field,https://dq10.i-k-e.net/map/ガートラント領,"2026-03-12 21:05:42","2026-03-31 18:19:38"
41,6,バドリー岩石地帯,"Budley Rock Zone",field,https://dq10.i-k-e.net/map/バドリー岩石地帯,"2026-03-12 21:05:44","2026-03-31 18:19:38"
42,6,ガズバランの封洞,"Gazbalan Sealed Cave",dungeon,,"2026-03-12 21:05:45","2026-03-31 18:19:38"
43,6,ギルザッド地方,"Gilzad Region",field,https://dq10.i-k-e.net/map/ギルザッド地方,"2026-03-12 21:05:47","2026-03-31 18:19:38"
44,6,海賊のアジト跡・地下,"Pirate's Hideout Underground",dungeon,https://dq10.i-k-e.net/map/海賊のアジト跡・地下,"2026-03-12 21:05:49","2026-03-31 18:19:38"
45,6,オルセコ高地,"Orseco Highlands",dungeon,https://dq10.i-k-e.net/map/オルセコ高地,"2026-03-12 21:05:51","2026-03-31 18:19:38"
47,6,トガス岩道,"Togas Trail",field,https://dq10.i-k-e.net/map/トガス岩道,"2026-03-12 21:05:55","2026-03-31 18:19:38"
48,6,狩人のほら穴,"Hunter's Den",dungeon,https://dq10.i-k-e.net/map/狩人のほら穴,"2026-03-12 21:05:58","2026-03-31 18:19:38"
50,6,ルクスガルン大空洞,"Luxgarn Caverns",field,,"2026-03-12 21:06:02","2026-03-31 18:19:38"
51,11,プクレット地方,"Pukulet Region",field,https://dq10.i-k-e.net/map/プクレット地方,"2026-03-12 21:06:04","2026-03-31 18:19:38"
52,11,ポーポラ地方,"Popola Region",field,https://dq10.i-k-e.net/map/ポーポラ地方,"2026-03-12 21:06:06","2026-03-31 18:19:38"
53,11,けがれの谷,"Defiled Valley",field,https://dq10.i-k-e.net/map/けがれの谷,"2026-03-12 21:06:08","2026-03-31 18:19:38"
54,11,賢者の隠れ家,"Sage's Lair",field,https://dq10.i-k-e.net/map/賢者の隠れ家,"2026-03-12 21:06:10","2026-03-31 18:19:38"
55,11,ポポラパの洞くつ,"Popolapa Cave",dungeon,https://dq10.i-k-e.net/map/ポポラパの洞くつ,"2026-03-12 21:06:12","2026-03-31 18:19:38"
56,11,ペシュヤ地下空洞,"Peshuya Underground Cave",dungeon,https://dq10.i-k-e.net/map/ペシュヤ地下空洞,"2026-03-12 21:06:14","2026-03-31 18:19:38"
57,11,オルフェア地方東,"Orphea Region East",field,https://dq10.i-k-e.net/map/オルフェア地方東,"2026-03-12 21:06:16","2026-03-31 18:19:38"
58,11,オルフェア地方西,"Orphea Region West",dungeon,https://dq10.i-k-e.net/map/オルフェア地方西,"2026-03-12 21:06:18","2026-03-31 18:19:38"
59,11,リンクル地方,"Wrinkle Region",field,https://dq10.i-k-e.net/map/リンクル地方,"2026-03-12 21:06:20","2026-03-31 18:19:38"
60,11,ポポリアきのこ山,"Popolia Mushroom Mountain",field,https://dq10.i-k-e.net/map/ポポリアきのこ山,"2026-03-12 21:06:22","2026-03-31 18:19:38"
61,11,ミュルエルの森,"Muruel Forest",field,https://dq10.i-k-e.net/map/ミュルエルの森,"2026-03-12 21:06:24","2026-03-31 18:19:38"
62,11,オルッパ地下洞くつ,"Orppa Cavern",dungeon,https://dq10.i-k-e.net/map/オルッパ地下洞くつ,"2026-03-12 21:06:26","2026-03-31 18:19:38"
63,11,フェルアバの洞くつ,"Felaba Cave",dungeon,https://dq10.i-k-e.net/map/フェルアバの洞くつ,"2026-03-12 21:06:29","2026-03-31 18:19:38"
64,11,風車の丘,"Windmill Way",field,https://dq10.i-k-e.net/map/風車の丘,"2026-03-12 21:06:31","2026-03-31 18:19:38"
65,11,メギストリス領,"Megistris Territory",field,https://dq10.i-k-e.net/map/メギストリス領,"2026-03-12 21:06:34","2026-03-31 18:19:38"
66,11,エピステーサ丘陵,"Epistesa Hills",dungeon,https://dq10.i-k-e.net/map/エピステーサ丘陵,"2026-03-12 21:06:36","2026-03-31 18:19:38"
67,11,魔瘴調査区画,"Miasma Survey Area",dungeon,https://dq10.i-k-e.net/map/魔瘴調査区画,"2026-03-12 21:06:38","2026-03-31 18:19:38"
68,11,チョッピ荒野,"Choppi Wilderness",field,https://dq10.i-k-e.net/map/チョッピ荒野,"2026-03-12 21:06:40","2026-03-31 18:19:38"
69,11,メギラザの洞くつ,"Megilaza Cave",dungeon,https://dq10.i-k-e.net/map/メギラザの洞くつ,"2026-03-12 21:06:42","2026-03-31 18:19:38"
70,11,プペラトンネル,"Pupella Tunnel",field,https://dq10.i-k-e.net/map/プペラトンネル,"2026-03-12 21:06:46","2026-03-31 18:19:38"
71,11,銀の森,"Silver Forest",field,https://dq10.i-k-e.net/map/銀の森,"2026-03-12 21:06:48","2026-03-31 18:19:38"
72,5,ツスクル平野,"Tsuskuru Plains",field,https://dq10.i-k-e.net/map/ツスクル平野,"2026-03-12 21:06:50","2026-03-31 18:19:38"
73,5,久遠の森,"Forest of Eternity",field,https://dq10.i-k-e.net/map/久遠の森,"2026-03-12 21:06:52","2026-03-31 18:19:38"
74,5,謎の地下迷宮,"Underground Maze",dungeon,https://dq10.i-k-e.net/map/謎の地下迷宮,"2026-03-12 21:06:55","2026-03-31 18:19:38"
75,5,キリカ草原,"Kirika Steppe",field,https://dq10.i-k-e.net/map/キリカ草原,"2026-03-12 21:06:57","2026-03-31 18:19:38"
76,5,アズラン地方,"Azlan Region",field,https://dq10.i-k-e.net/map/アズラン地方,"2026-03-12 21:06:59","2026-03-31 18:19:38"
77,5,イナミノ街道,"Inamino Highway",field,https://dq10.i-k-e.net/map/イナミノ街道,"2026-03-12 21:07:01","2026-03-31 18:19:38"
78,5,スイゼン湿原,"Suizen Marsh",field,https://dq10.i-k-e.net/map/スイゼン湿原,"2026-03-12 21:07:04","2026-03-31 18:19:38"
79,5,モリナラ大森林,"Molinara Forest",field,https://dq10.i-k-e.net/map/モリナラ大森林,"2026-03-12 21:07:06","2026-03-31 18:19:38"
80,5,スイのやしろ,"Sui Shrine",field,https://dq10.i-k-e.net/map/スイのやしろ,"2026-03-12 21:07:08","2026-03-31 18:19:38"
81,5,スイの塔,"Sui Tower",dungeon,https://dq10.i-k-e.net/map/スイの塔,"2026-03-12 21:07:12","2026-03-31 18:19:38"
82,5,モリナラ地下洞,"Molinara Underground",dungeon,https://dq10.i-k-e.net/map/モリナラ地下洞,"2026-03-12 21:07:14","2026-03-31 18:19:38"
83,5,カミハルムイ領南,"Kamiharmui South",field,https://dq10.i-k-e.net/map/カミハルムイ領南,"2026-03-12 21:07:16","2026-03-31 18:19:38"
84,5,カミハルムイ領北,"Kamiharmui North",field,https://dq10.i-k-e.net/map/カミハルムイ領北,"2026-03-12 21:07:18","2026-03-31 18:19:38"
85,5,夢幻の森,"Dream Forest",field,https://dq10.i-k-e.net/map/夢幻の森,"2026-03-12 21:07:20","2026-03-31 18:19:38"
86,5,落陽の草原,"Sunset Meadow",field,https://dq10.i-k-e.net/map/落陽の草原,"2026-03-12 21:07:23","2026-03-31 18:19:38"
87,5,呪われた大地,"Cursed Land",field,https://dq10.i-k-e.net/map/呪われた大地,"2026-03-12 21:07:25","2026-03-31 18:19:38"
88,5,捨てられた城,"Abandoned Castle",town,https://dq10.i-k-e.net/map/捨てられた城,"2026-03-12 21:07:27","2026-03-31 18:19:38"
89,9,ラニアッカ断層帯,"Raniakka Fault Zone",field,https://dq10.i-k-e.net/map/ラニアッカ断層帯,"2026-03-12 21:07:29","2026-03-31 18:19:38"
90,9,ザグバン丘陵,"Zagban Hills",dungeon,https://dq10.i-k-e.net/map/ザグバン丘陵,"2026-03-12 21:07:31","2026-03-31 18:19:38"
91,9,アクロニア鉱山,"Acronia Mine",dungeon,https://dq10.i-k-e.net/map/アクロニア鉱山,"2026-03-12 21:07:33","2026-03-31 18:19:38"
92,9,ラニ大洞穴,"Lani Caves",dungeon,https://dq10.i-k-e.net/map/ラニ大洞穴,"2026-03-12 21:07:35","2026-03-31 18:19:38"
93,9,モガリム街道,"Mogarim Highway",field,https://dq10.i-k-e.net/map/モガリム街道,"2026-03-12 21:07:37","2026-03-31 18:19:38"
94,9,ガタラ原野,"Gatara Fields",field,https://dq10.i-k-e.net/map/ガタラ原野,"2026-03-12 21:07:40","2026-03-31 18:19:38"
95,9,カルデア山道,"Chaldea Mountain Road",field,https://dq10.i-k-e.net/map/カルデア山道,"2026-03-12 21:07:43","2026-03-31 18:19:38"
96,9,カルデア山道の横穴,"Chaldea Mountain Road Cave",dungeon,https://dq10.i-k-e.net/map/カルデア山道の横穴,"2026-03-12 21:07:45","2026-03-31 18:19:38"
97,9,サーマリ高原,"Samary Plateau",field,https://dq10.i-k-e.net/map/サーマリ高原,"2026-03-12 21:07:47","2026-03-31 18:19:38"
98,9,エゼソル峡谷,"Ezesol Canyon",field,https://dq10.i-k-e.net/map/エゼソル峡谷,"2026-03-12 21:07:49","2026-03-31 18:19:38"
99,9,ダラズ採掘場,"Daraz Quarry",field,https://dq10.i-k-e.net/map/ダラズ採掘場,"2026-03-12 21:07:51","2026-03-31 18:19:38"
100,9,ダラリア砂岩遺跡,"Daleria Sandstone Ruins",dungeon,https://dq10.i-k-e.net/map/ダラリア砂岩遺跡,"2026-03-12 21:07:53","2026-03-31 18:19:38"
101,9,ウルベア地下遺跡,"Ruins of Urbea",dungeon,https://dq10.i-k-e.net/map/ウルベア地下遺跡,"2026-03-12 21:07:55","2026-03-31 18:19:38"
102,9,カルデア洞穴,"Chaldea Cave",dungeon,https://dq10.i-k-e.net/map/カルデア洞穴,"2026-03-12 21:07:58","2026-03-31 18:19:38"
103,9,モガレの洞くつ,"Mogare Cave",dungeon,https://dq10.i-k-e.net/map/モガレの洞くつ,"2026-03-12 21:08:00","2026-03-31 18:19:38"
104,9,グルグ地下道,"Gulug Underpass",dungeon,https://dq10.i-k-e.net/map/グルグ地下道,"2026-03-12 21:08:02","2026-03-31 18:19:38"
105,9,ゴブル砂漠東,"Goble Desert East",field,https://dq10.i-k-e.net/map/ゴブル砂漠東,"2026-03-12 21:08:03","2026-03-31 18:19:38"
106,9,ゴブル砂漠西,"Goble Desert West",field,https://dq10.i-k-e.net/map/ゴブル砂漠西,"2026-03-12 21:08:06","2026-03-31 18:19:38"
107,9,ボロヌス溶岩流,"Boronus Lava Flow",dungeon,https://dq10.i-k-e.net/map/ボロヌス溶岩流,"2026-03-12 21:08:08","2026-03-31 18:19:38"
108,9,デマトード高地,"Dematode Highlands",field,https://dq10.i-k-e.net/map/デマトード高地,"2026-03-12 21:08:09","2026-03-31 18:19:38"
109,9,カルサドラ火山,"Calsadora Volcano",dungeon,https://dq10.i-k-e.net/map/カルサドラ火山,"2026-03-12 21:08:12","2026-03-31 18:19:38"
110,9,ボロヌスの穴,"Boronus Hole",dungeon,https://dq10.i-k-e.net/map/ボロヌスの穴,"2026-03-12 21:08:14","2026-03-31 18:19:38"
111,9,砂岩の洞くつ,"Sandstone Cave",dungeon,https://dq10.i-k-e.net/map/砂岩の洞くつ,"2026-03-12 21:08:16","2026-03-31 18:19:38"
112,9,最果ての地下遺跡,"Deepest Depths",dungeon,https://dq10.i-k-e.net/map/最果ての地下遺跡,"2026-03-12 21:08:18","2026-03-31 18:19:38"
113,1,東の荒野,"East Desert",field,,"2026-03-12 21:08:20","2026-03-31 18:19:38"
114,1,過去のゲルト海峡,"Past Gert Strait",field,,"2026-03-12 21:08:22","2026-03-31 18:19:38"
115,1,過去のランドンフット,"Past Landonfoot",field,,"2026-03-12 21:08:24","2026-03-31 18:19:38"
116,1,過去のランドン山脈,"Past Landon Mountains",field,,"2026-03-12 21:08:26","2026-03-31 18:19:38"
117,1,過去のランドン山脈山頂付近,"Past Landon Summit Area",field,,"2026-03-12 21:08:28","2026-03-31 18:19:38"
118,1,神殿レイダメテス,"Reidametes Temple",field,,"2026-03-12 21:08:30","2026-03-31 18:19:38"
119,6,冥王の心臓,"Hades' Heart",field,https://dq10.i-k-e.net/map/冥王の心臓,"2026-03-12 21:08:32","2026-03-31 18:19:38"
120,5,闇の溢る世界,"World of Darkness",field,,"2026-03-12 21:08:35","2026-03-31 18:19:38"
121,8,月世界,"The Moon",field,,"2026-03-12 21:08:37","2026-03-31 18:19:38"
122,18,創失の塔,"Tower of Unmaking",field,,"2026-03-12 21:08:39","2026-03-31 18:19:38"
123,12,偽りのコニウェア平原,"False Coniware Plain",field,https://draquex.com/map/nise-1.php,"2026-03-12 21:08:41","2026-03-31 18:19:38"
124,12,偽りのワルド水源,"False Wald Headwaters",field,https://draquex.com/map/nise-2.php,"2026-03-12 21:08:43","2026-03-31 18:19:38"
125,12,偽りのローヌ樹林帯,"False Rhone Woodlands",field,https://draquex.com/map/nise-3.php,"2026-03-12 21:08:45","2026-03-31 18:19:38"
126,12,偽メルサンディ穀倉帯,"False Melsandy Millfields",field,https://draquex.com/map/nise-4.php,"2026-03-12 21:08:47","2026-03-31 18:19:38"
127,12,謎の地下水路,"Underground Waterway",dungeon,https://dq10.i-k-e.net/map/謎の地下水路,"2026-03-12 21:08:49","2026-03-31 18:19:38"
128,12,偽りの魔女の森,"False Witchwood",field,https://draquex.com/map/nise-6.php,"2026-03-12 21:08:51","2026-03-31 18:19:38"
129,12,偽りのセレドット山道,"False Celedot Mountain Pass",field,https://draquex.com/map/nise-7.php,"2026-03-12 21:08:53","2026-03-31 18:19:38"
130,12,偽リンジャハル海岸,"False Linjahar Coast",field,https://draquex.com/map/nise-8.php,"2026-03-12 21:08:55","2026-03-31 18:19:38"
131,12,偽りのリンジャの塔,"False Linja Tower",field,https://draquex.com/map/nise-9.php,"2026-03-12 21:08:57","2026-03-31 18:19:38"
132,12,偽りのリャナ荒涼地帯,"False Lyana Desolate",field,https://draquex.com/map/nise-10.php,"2026-03-12 21:08:59","2026-03-31 18:19:38"
133,12,偽りのソーラリア峡谷,"False Solaria Canyon",field,https://draquex.com/map/nise-11.php,"2026-03-12 21:09:01","2026-03-31 18:19:38"
134,12,古き神の遺跡,"Historic Ruins",dungeon,https://dq10.i-k-e.net/map/古き神の遺跡,"2026-03-12 21:09:03","2026-03-31 18:19:38"
135,12,偽アラハギーロ地方,"False Al-Ahagiro Region",field,https://draquex.com/map/nise-13.php,"2026-03-12 21:09:05","2026-03-31 18:19:38"
136,12,偽りのデフェル荒野,"False Defel Desert",field,https://draquex.com/map/nise-14.php,"2026-03-12 21:09:07","2026-03-31 18:19:38"
137,12,偽りのジャイラ密林,"False Jyra Jungle",field,https://draquex.com/map/nise-15.php,"2026-03-12 21:09:10","2026-03-31 18:19:38"
138,12,偽りのピラミッド,"False Pyramid",field,https://draquex.com/map/nise-16.php,"2026-03-12 21:09:12","2026-03-31 18:19:38"
139,12,偽ナシームの洞くつ,"False Naseem Cave",field,https://draquex.com/map/nise-17.php,"2026-03-12 21:09:14","2026-03-31 18:19:38"
140,12,偽レビュール街道南,"False Reviewle Highway South",field,https://draquex.com/map/nise-18.php,"2026-03-12 21:09:16","2026-03-31 18:19:38"
141,12,偽レビュール街道北,"False Reviewle Highway North",field,https://draquex.com/map/nise-19.php,"2026-03-12 21:09:18","2026-03-31 18:19:38"
142,12,偽グランゼドーラ領,"False Gran Zedora Territory",field,https://draquex.com/map/nise-20.php,"2026-03-12 21:09:21","2026-03-31 18:19:38"
143,12,偽りのロヴォス高地,"False Rovos Highlands",field,https://draquex.com/map/nise-21.php,"2026-03-12 21:09:23","2026-03-31 18:19:38"
144,12,偽りのゼドラ洞,"False Zedra Cave",field,https://draquex.com/map/nise-22.php,"2026-03-12 21:09:25","2026-03-31 18:19:38"
145,12,偽りの海風の洞くつ,"False Seabreeze Cave",field,https://draquex.com/map/nise-23.php,"2026-03-12 21:09:27","2026-03-31 18:19:38"
146,12,偽りの名もなき草原,"False Plain of No Name",field,https://draquex.com/map/nise-24.php,"2026-03-12 21:09:29","2026-03-31 18:19:38"
147,12,偽りの育みの大地,"False Flourish Fields",field,https://draquex.com/map/nise-25.php,"2026-03-12 21:09:31","2026-03-31 18:19:38"
148,12,創生の邪洞,"Cave of Creation",dungeon,https://dq10.i-k-e.net/map/創生の邪洞,"2026-03-12 21:09:33","2026-03-31 18:19:38"
149,12,未完のモンセロ温泉峡,"Undone Moncello Spring Gorge",field,https://dq10.i-k-e.net/map/未完のモンセロ温泉峡,"2026-03-12 21:09:35","2026-03-31 18:19:38"
150,12,未完のドラクロン山地,"Undone Draklon Mountains",field,https://dq10.i-k-e.net/map/未完のドラクロン山地,"2026-03-12 21:09:36","2026-03-31 18:19:38"
151,12,未完のラゼアの風穴,"Undone Lazea Wind Cave",dungeon,https://dq10.i-k-e.net/map/未完のラゼアの風穴,"2026-03-12 21:09:39","2026-03-31 18:19:38"
152,18,グランゼニスの試練場,"Trial of Gran Zenith",field,,"2026-03-12 21:09:41","2026-03-31 18:19:38"
153,18,真のコニウェア平原,"True Coniware Plain",field,https://dq10.i-k-e.net/map/真のコニウェア平原,"2026-03-12 21:09:44","2026-03-31 18:19:38"
154,18,モンセロ温泉峡,"Moncello Spring Gorge",field,https://dq10.i-k-e.net/map/モンセロ温泉峡,"2026-03-12 21:09:46","2026-03-31 18:19:38"
155,18,真のワルド水源,"True Wald Headwaters",field,https://dq10.i-k-e.net/map/真のワルド水源,"2026-03-12 21:09:48","2026-03-31 18:19:38"
156,18,真のローヌ樹林帯,"True Rhone Woodlands",dungeon,https://dq10.i-k-e.net/map/真のローヌ樹林帯,"2026-03-12 21:09:50","2026-03-31 18:19:38"
157,18,真メルサンディ穀倉帯,"True Melsandy Millfields",field,https://dq10.i-k-e.net/map/真メルサンディ穀倉帯,"2026-03-12 21:09:52","2026-03-31 18:19:38"
158,18,真のこもれびの広場,"True Sunbeam Square",field,https://dq10.i-k-e.net/map/真のこもれびの広場,"2026-03-12 21:09:54","2026-03-31 18:19:38"
159,18,真の魔女の森,"True Witchwood",field,https://dq10.i-k-e.net/map/真の魔女の森,"2026-03-12 21:09:56","2026-03-31 18:19:38"
160,18,真のセレドット山道,"True Celedot Mountain Pass",field,https://dq10.i-k-e.net/map/真のセレドット山道,"2026-03-12 21:09:58","2026-03-31 18:19:38"
161,18,真のリンジャハル海岸,"True Linjahar Coast",field,https://dq10.i-k-e.net/map/真のリンジャハル海岸,"2026-03-12 21:10:01","2026-03-31 18:19:38"
162,18,真のリンジャの塔,"True Linja Tower",dungeon,https://dq10.i-k-e.net/map/真のリンジャの塔,"2026-03-12 21:10:02","2026-03-31 18:19:38"
163,18,真のリャナ荒涼地帯,"True Lyana Desolate",field,https://dq10.i-k-e.net/map/真のリャナ荒涼地帯,"2026-03-12 21:10:04","2026-03-31 18:19:38"
164,18,ねじれたる異形の大地,"Twisted Terrane",dungeon,https://dq10.i-k-e.net/map/ねじれたる異形の大地,"2026-03-12 21:10:06","2026-03-31 18:19:38"
165,18,真のアラハギーロ地方,"True Al-Ahagiro Region",dungeon,https://dq10.i-k-e.net/map/真のアラハギーロ地方,"2026-03-12 21:10:09","2026-03-31 18:19:38"
166,18,真のデフェル荒野,"True Defel Desert",field,https://dq10.i-k-e.net/map/真のデフェル荒野,"2026-03-12 21:10:10","2026-03-31 18:19:38"
167,18,真のジャイラ密林,"True Jyra Jungle",field,https://dq10.i-k-e.net/map/真のジャイラ密林,"2026-03-12 21:10:13","2026-03-31 18:19:38"
168,18,真のピラミッド,"True Pyramid",dungeon,https://dq10.i-k-e.net/map/真のピラミッド,"2026-03-12 21:10:15","2026-03-31 18:19:38"
169,18,真のナシームの洞くつ,"True Naseem Cave",dungeon,https://dq10.i-k-e.net/map/真のナシームの洞くつ,"2026-03-12 21:10:17","2026-03-31 18:19:38"
170,18,真のレビュール街道南,"True Reviewle Highway South",field,https://dq10.i-k-e.net/map/真のレビュール街道南,"2026-03-12 21:10:19","2026-03-31 18:19:38"
171,18,真のレビュール街道北,"True Reviewle Highway North",field,https://dq10.i-k-e.net/map/真のレビュール街道北,"2026-03-12 21:10:21","2026-03-31 18:19:38"
172,18,真のグランゼドーラ領,"True Gran Zedora Territory",dungeon,https://dq10.i-k-e.net/map/真のグランゼドーラ領,"2026-03-12 21:10:22","2026-03-31 18:19:38"
173,18,真のロヴォス高地,"True Rovos Highlands",field,https://dq10.i-k-e.net/map/真のロヴォス高地,"2026-03-12 21:10:24","2026-03-31 18:19:38"
174,18,真のゼドラ洞,"True Zedra Cave",field,https://dq10.i-k-e.net/map/真のゼドラ洞,"2026-03-12 21:10:26","2026-03-31 18:19:38"
175,18,真の海風の洞くつ,"True Seabreeze Cave",dungeon,https://dq10.i-k-e.net/map/真の海風の洞くつ,"2026-03-12 21:10:28","2026-03-31 18:19:38"
176,18,ドラクロン山地,"Draklon Mountains",field,https://dq10.i-k-e.net/map/ドラクロン山地,"2026-03-12 21:10:30","2026-03-31 18:19:38"
177,18,真の名もなき草原,"True Plain of No Name",field,https://dq10.i-k-e.net/map/真の名もなき草原,"2026-03-12 21:10:32","2026-03-31 18:19:38"
178,18,真の育みの大地,"True Flourish Fields",field,https://dq10.i-k-e.net/map/真の育みの大地,"2026-03-12 21:10:34","2026-03-31 18:19:38"
179,18,清き水の洞くつ,"Clearwater Cave",dungeon,https://dq10.i-k-e.net/map/清き水の洞くつ,"2026-03-12 21:10:36","2026-03-31 18:19:38"
180,18,サザミレ草原,"Sazamire Prairie",field,https://dq10.i-k-e.net/map/サザミレ草原,"2026-03-12 21:10:38","2026-03-31 18:19:38"
181,18,ポルネア山,"Polnea Mountain",dungeon,https://dq10.i-k-e.net/map/ポルネア山,"2026-03-12 21:10:39","2026-03-31 18:19:38"
182,18,スレア海岸,"Surea Coast",field,https://dq10.i-k-e.net/map/スレア海岸,"2026-03-12 21:10:41","2026-03-31 18:19:38"
183,18,ラゼアの風穴,"Lazea Wind Cave",dungeon,https://dq10.i-k-e.net/map/ラゼアの風穴,"2026-03-12 21:10:43","2026-03-31 18:19:38"
184,18,魔幻宮殿,"Demon Palace",field,https://dq10.i-k-e.net/map/魔幻宮殿,"2026-03-12 21:10:44","2026-03-31 18:19:38"
185,18,悠久の回廊,"Eternal Passage",dungeon,,"2026-03-12 21:10:47","2026-03-31 18:19:38"
186,18,ブオーンの体内,"Inside Bjorn",field,,"2026-03-12 21:10:49","2026-03-31 18:19:38"
187,15,現・バントリユ地方,"Current Bantryu Region",field,https://dq10.i-k-e.net/map/現・バントリユ地方,"2026-03-12 21:10:51","2026-03-31 18:19:38"
188,15,現・エテーネ王国領,"Current Ethene Kingdom Area",field,https://dq10.i-k-e.net/map/現・エテーネ王国領,"2026-03-12 21:10:53","2026-03-31 18:19:38"
189,15,現・ティプローネ高地,"Current Tiplone Highlands",dungeon,https://dq10.i-k-e.net/map/現・ティプローネ高地,"2026-03-12 21:10:55","2026-03-31 18:19:38"
190,15,現・ドミネウス邸,"Current Domineus Mansion",field,https://dq10.i-k-e.net/map/現・ドミネウス邸,"2026-03-12 21:10:56","2026-03-31 18:19:38"
191,15,現・残響の海蝕洞,"Current Echoing Sea Cave",field,https://dq10.i-k-e.net/map/現・残響の海蝕洞,"2026-03-12 21:10:58","2026-03-31 18:19:38"
192,10,赤熱の荒野,"Red Hot Desert",field,https://dq10.i-k-e.net/map/赤熱の荒野,"2026-03-12 21:11:00","2026-03-31 18:19:38"
193,10,烈火の渓谷,"Valley of Fire",dungeon,https://dq10.i-k-e.net/map/烈火の渓谷,"2026-03-12 21:11:02","2026-03-31 18:19:38"
194,10,煉獄の谷,"Hell's Valley",dungeon,https://dq10.i-k-e.net/map/煉獄の谷,"2026-03-12 21:11:04","2026-03-31 18:19:38"
195,10,フェザリアス山,"Featherias Mountain",dungeon,https://dq10.i-k-e.net/map/フェザリアス山,"2026-03-12 21:11:06","2026-03-31 18:19:38"
196,10,業炎の聖塔,"Fire Tower",dungeon,https://dq10.i-k-e.net/map/業炎の聖塔,"2026-03-12 21:11:08","2026-03-31 18:19:38"
197,10,大神殿・地下,"Sanctum Subterrane",field,,"2026-03-12 21:11:12","2026-03-31 18:19:38"
198,10,とこしえの氷原,"Permafrost Plains",field,https://dq10.i-k-e.net/map/とこしえの氷原,"2026-03-12 21:11:14","2026-03-31 18:19:38"
199,10,白霜の流氷野,"Frosty Floes",field,https://dq10.i-k-e.net/map/白霜の流氷野,"2026-03-12 21:11:16","2026-03-31 18:19:38"
200,10,アヴィーロ遺跡,"Aviro Ruins",dungeon,https://dq10.i-k-e.net/map/アヴィーロ遺跡,"2026-03-12 21:11:18","2026-03-31 18:19:38"
201,10,カーレルの氷雪洞,"Carrel Ice Cave",dungeon,https://dq10.i-k-e.net/map/カーレルの氷雪洞,"2026-03-12 21:11:20","2026-03-31 18:19:38"
202,10,氷晶の聖塔,"Ice Tower",dungeon,https://dq10.i-k-e.net/map/氷晶の聖塔,"2026-03-12 21:11:23","2026-03-31 18:19:38"
203,10,闇の辺獄,"Dark Edge",field,https://dq10.i-k-e.net/map/闇の辺獄,"2026-03-12 21:11:25","2026-03-31 18:19:38"
204,10,影の谷,"Vale of Shadow",dungeon,https://dq10.i-k-e.net/map/影の谷,"2026-03-12 21:11:27","2026-03-31 18:19:38"
205,10,楽園,Utopia,dungeon,https://dq10.i-k-e.net/map/楽園,"2026-03-12 21:11:29","2026-03-31 18:19:38"
206,10,冥闇の聖塔,"Dark Tower",dungeon,https://dq10.i-k-e.net/map/冥闇の聖塔,"2026-03-12 21:11:30","2026-03-31 18:19:38"
207,10,影の深底,"Shadowy Deeps",field,,"2026-03-12 21:11:32","2026-03-31 18:19:38"
208,10,オーフィーヌの海,"Orfine Sea",field,https://dq10.i-k-e.net/map/オーフィーヌの海,"2026-03-12 21:11:34","2026-03-31 18:19:38"
209,10,オーフィーヌ海底,"Orfine Seabed",field,https://dq10.i-k-e.net/map/オーフィーヌ海底,"2026-03-12 21:11:36","2026-03-31 18:19:38"
210,10,ガイオス古海,"Gaios Sea",dungeon,https://dq10.i-k-e.net/map/ガイオス古海,"2026-03-12 21:11:38","2026-03-31 18:19:38"
211,10,天水の聖塔,"Water Tower",dungeon,https://dq10.i-k-e.net/map/天水の聖塔,"2026-03-12 21:11:42","2026-03-31 18:19:38"
212,10,迅雷の丘,"Thundering Hills",dungeon,https://dq10.i-k-e.net/map/迅雷の丘,"2026-03-12 21:11:45","2026-03-31 18:19:38"
213,10,ムストの町,Morst,town,https://dq10.i-k-e.net/map/ムストの町,"2026-03-12 21:11:46","2026-03-31 18:19:38"
214,10,天ツ風の原,"Howling Highlands",field,https://dq10.i-k-e.net/map/天ツ風の原,"2026-03-12 21:11:49","2026-03-31 18:19:38"
215,10,神獣の森,Stormbough,field,https://dq10.i-k-e.net/map/神獣の森,"2026-03-12 21:11:51","2026-03-31 18:19:38"
216,10,翠嵐の聖塔,"Storm Tower",dungeon,https://dq10.i-k-e.net/map/翠嵐の聖塔,"2026-03-12 21:11:53","2026-03-31 18:19:38"
217,10,神墟ナドラグラム,"Nadragram Shrine",dungeon,,"2026-03-12 21:11:54","2026-03-31 18:19:38"
218,10,断罪の剣,"Sword of Atonement",field,,"2026-03-12 21:11:56","2026-03-31 18:19:38"
249,20,デスディオ暗黒荒原,"Deathdio Darklands",field,https://dq10.i-k-e.net/map/デスディオ暗黒荒原,"2026-03-12 21:13:15","2026-03-31 18:19:38"
250,20,思案の洞くつ,"Contemplating Cave",field,https://draquex.com/map/makai-24.php,"2026-03-12 21:13:17","2026-03-31 18:19:38"
251,20,ザード遺跡,"Zard Ruins",dungeon,https://dq10.i-k-e.net/map/ザード遺跡,"2026-03-12 21:13:19","2026-03-31 18:19:38"
252,20,ゲルヘナ幻野,"Gerhena Field",dungeon,https://dq10.i-k-e.net/map/ゲルヘナ幻野,"2026-03-12 21:13:21","2026-03-31 18:19:38"
253,20,旧ネクロデア領,"Old Necrodea Area",dungeon,https://dq10.i-k-e.net/map/旧ネクロデア領,"2026-03-12 21:13:23","2026-03-31 18:19:38"
254,20,血潮の浜辺,"Bloody Beach",dungeon,https://dq10.i-k-e.net/map/血潮の浜辺,"2026-03-12 21:13:25","2026-03-31 18:19:38"
255,20,グラデル台地,"Gradel Plateau",field,https://dq10.i-k-e.net/map/グラデル台地,"2026-03-12 21:13:28","2026-03-31 18:19:38"
256,20,閉ざされた水路,"Closed Waterway",dungeon,https://dq10.i-k-e.net/map/閉ざされた水路,"2026-03-12 21:13:29","2026-03-31 18:19:38"
257,20,ベルヴァインの森西,"Belvain Forest West",field,https://dq10.i-k-e.net/map/ベルヴァインの森西,"2026-03-12 21:13:32","2026-03-31 18:19:38"
258,20,ベルヴァインの森東,"Belvain Forest East",field,https://dq10.i-k-e.net/map/ベルヴァインの森東,"2026-03-12 21:13:34","2026-03-31 18:19:38"
259,20,ガウシア樹海,"Gaussia Woodlands",dungeon,https://dq10.i-k-e.net/map/ガウシア樹海,"2026-03-12 21:13:35","2026-03-31 18:19:38"
260,20,ゼクレス城・宝物庫,"Zechres Castle - Treasury",field,https://draquex.com/map/makai-7.php,"2026-03-12 21:13:37","2026-03-31 18:19:38"
261,20,ゼクレス城・地下,"Zechres Castle - Underground",field,https://draquex.com/map/makai-8.php,"2026-03-12 21:13:39","2026-03-31 18:19:38"
262,20,バルディア山岳地帯,"Valdia Mountain Region",dungeon,https://dq10.i-k-e.net/map/バルディア山岳地帯,"2026-03-12 21:13:41","2026-03-31 18:19:38"
263,20,ブラニック採石場,"Branick Quarry",field,https://dq10.i-k-e.net/map/ブラニック採石場,"2026-03-12 21:13:44","2026-03-31 18:19:38"
264,20,ターボル峡谷,"Tabor Gorge",field,https://dq10.i-k-e.net/map/ターボル峡谷,"2026-03-12 21:13:46","2026-03-31 18:19:38"
265,20,ザハディガル岩峰,"Zahadigal Pinnacle",dungeon,https://dq10.i-k-e.net/map/ザハディガル岩峰,"2026-03-12 21:13:48","2026-03-31 18:19:38"
266,20,ジャリムバハ砂漠,"Jyarimbaha Desert",field,https://dq10.i-k-e.net/map/ジャリムバハ砂漠,"2026-03-12 21:13:50","2026-03-31 18:19:38"
267,20,封神の参道,"The Sealed Approach",field,https://draquex.com/map/makai-19.php,"2026-03-12 21:13:52","2026-03-31 18:19:38"
268,20,ジャゴヌバ神殿,"Temple of Jagonuba",field,https://draquex.com/map/makai-20.php,"2026-03-12 21:13:53","2026-03-31 18:19:38"
269,20,魔幻都市ゴーラ跡,"Ruins of Gora",field,https://dq10.i-k-e.net/map/魔幻都市ゴーラ跡,"2026-03-12 21:13:56","2026-03-31 18:19:38"
270,20,魔幻園マデッサンス,"Universagora Studios",dungeon,https://dq10.i-k-e.net/map/魔幻園マデッサンス,"2026-03-12 21:13:58","2026-03-31 18:19:38"
271,20,滅星の深淵,"Doomsday's Abyss",field,https://draquex.com/map/makai-23.php,"2026-03-12 21:14:03","2026-03-31 18:19:38"
272,16,試みの荒野,"Wilderness of Trials",field,https://dq10.i-k-e.net/map/試みの荒野,"2026-03-12 21:14:05","2026-03-31 18:19:38"
273,16,輝きの草原,"Shining Meadow",field,https://dq10.i-k-e.net/map/輝きの草原,"2026-03-12 21:14:07","2026-03-31 18:19:38"
274,16,ファボル鉱山,"Fabol Mine",field,https://dq10.i-k-e.net/map/ファボル鉱山,"2026-03-12 21:14:09","2026-03-31 18:19:38"
275,16,豊穣の密林,"Forest of Fertility",dungeon,https://dq10.i-k-e.net/map/豊穣の密林,"2026-03-12 21:14:11","2026-03-31 18:19:38"
276,16,天涙の大水源,"Tears of Heaven",dungeon,https://dq10.i-k-e.net/map/天涙の大水源,"2026-03-12 21:14:13","2026-03-31 18:19:38"
277,16,儀礼場への洞くつ,"Cave to the Court",dungeon,https://dq10.i-k-e.net/map/儀礼場への洞くつ,"2026-03-12 21:14:15","2026-03-31 18:19:38"
278,16,命脈の神殿,"Threads of Life",dungeon,https://dq10.i-k-e.net/map/命脈の神殿,"2026-03-12 21:14:17","2026-03-31 18:19:38"
279,16,神代の遺構,"Ancient Remains",field,https://dq10.i-k-e.net/map/神代の遺構,"2026-03-12 21:14:21","2026-03-31 18:19:38"
280,16,三闘士の憤怒,"Triad's Rage",field,https://draquex.com/map/tensei-9.php,"2026-03-12 21:14:23","2026-03-31 18:19:38"
281,16,時の王者の悔恨,"Sovereign's Sorrow",field,https://draquex.com/map/tensei-10.php,"2026-03-12 21:14:25","2026-03-31 18:19:38"
282,16,歌姫の絶望,"Diva's Despair",field,https://draquex.com/map/tensei-11.php,"2026-03-12 21:14:27","2026-03-31 18:19:38"
283,16,フォーリオン造成地,"Fourion Worksite",dungeon,https://dq10.i-k-e.net/map/フォーリオン造成地,"2026-03-12 21:14:29","2026-03-31 18:19:38"
284,16,勇者の曙光,"Hero's Daybreak",dungeon,https://dq10.i-k-e.net/map/勇者の曙光,"2026-03-12 21:14:31","2026-03-31 18:19:38"
285,16,ゼドラ王の黄昏,"Zedra's Twilight",dungeon,https://dq10.i-k-e.net/map/ゼドラ王の黄昏,"2026-03-12 21:14:33","2026-03-31 18:19:38"
286,16,盟友の虚無,"Ally's Void",dungeon,https://dq10.i-k-e.net/map/盟友の虚無,"2026-03-12 21:14:35","2026-03-31 18:19:38"
287,16,神具解放の審問宮１,"Relic's Reliquary 1",dungeon,https://dq10.i-k-e.net/map/神具解放の審問宮１,"2026-03-12 21:14:37","2026-03-31 18:19:38"
288,16,神具解放の審問宮２,"Relic's Reliquary 2",dungeon,https://dq10.i-k-e.net/map/神具解放の審問宮２,"2026-03-12 21:14:39","2026-03-31 18:19:38"
289,16,神具解放の審問宮３,"Relic's Reliquary 3",dungeon,https://dq10.i-k-e.net/map/神具解放の審問宮３,"2026-03-12 21:14:41","2026-03-31 18:19:38"
294,17,ハディン地下洞くつ,"Hadine Cavern",field,https://dq10.i-k-e.net/map/%E3%83%8F%E3%83%87%E3%82%A3%E3%83%B3%E5%9C%B0%E4%B8%8B%E6%B4%9E%E3%81%8F%E3%81%A4,"2026-03-12 21:14:51","2026-03-31 18:19:38"
300,17,ムニエカの深層,"Munieka Depths",field,https://draquex.com/map/hate-11.php,"2026-03-12 21:15:04","2026-03-31 18:19:38"
301,17,キュロン丘陵,"Kyuron Hills",field,https://draquex.com/map/hate-12.php,"2026-03-12 21:15:06","2026-03-31 18:19:38"
302,17,キュロン湿原,"Kyuron Marshlands",field,https://draquex.com/map/hate-13.php,"2026-03-12 21:15:08","2026-03-31 18:19:38"
303,17,雨の島,"Pluvi Isle",field,https://draquex.com/map/hate-14.php,"2026-03-12 21:15:10","2026-03-31 18:19:38"
305,17,創失のガナン帝国領,"The Gittish Empire",field,https://draquex.com/map/hate-16.php,"2026-03-12 21:15:14","2026-03-31 18:19:38"
306,17,創失のガナン帝国城,"Gittingham Palace",field,https://draquex.com/map/hate-17.php,"2026-03-12 21:15:16","2026-03-31 18:19:38"
307,6,ランガーオ村,"Langao Village",town,https://dq10.i-k-e.net/map/ランガーオ村,"2026-03-13 22:55:43","2026-03-31 18:19:38"
308,6,獅子門,"Lion Gate",town,https://dq10.i-k-e.net/map/獅子門・難民キャンプ,"2026-03-13 22:55:58","2026-03-31 18:19:38"
309,6,グレン城下町,"Glen Castle Town",town,https://dq10.i-k-e.net/map/グレン城下町,"2026-03-13 22:56:05","2026-03-31 18:19:38"
310,6,グレン城,"Glen Castle",town,https://dq10.i-k-e.net/map/グレン城,"2026-03-13 22:56:07","2026-03-31 18:19:38"
311,6,ガートラント城下町,"Gartlant Castle Town",town,https://dq10.i-k-e.net/map/ガートラント城下町,"2026-03-13 22:56:50","2026-03-31 18:19:38"
312,6,ガートラント城,"Gartlant Castle",town,https://dq10.i-k-e.net/map/ガートラント城,"2026-03-13 22:56:52","2026-03-31 18:19:38"
313,5,ツスクルの村,"Tsuskuru Village",town,https://dq10.i-k-e.net/map/ツスクルの村,"2026-03-13 22:57:45","2026-03-31 18:19:38"
314,5,風の町アズラン,"Wind Town Azlan",town,https://dq10.i-k-e.net/map/風の町アズラン,"2026-03-13 22:58:02","2026-03-31 18:19:38"
315,5,王都カミハルムイ,"Kamiharmui City",town,https://dq10.i-k-e.net/map/王都カミハルムイ,"2026-03-13 22:58:38","2026-03-31 18:19:38"
316,5,カミハルムイ城,"Kamiharmui Castle",town,https://dq10.i-k-e.net/map/カミハルムイ城,"2026-03-13 22:58:40","2026-03-31 18:19:38"
317,9,アグラニの町,Agrani,town,https://dq10.i-k-e.net/map/アグラニの町,"2026-03-13 22:59:17","2026-03-31 18:19:38"
318,9,岳都ガタラ,"Mount Gatara",town,https://dq10.i-k-e.net/map/岳都ガタラ,"2026-03-13 22:59:50","2026-03-31 18:19:38"
319,9,ドルワーム王国,"Dolworm Kingdom",town,https://dq10.i-k-e.net/map/ドルワーム王国,"2026-03-13 23:00:13","2026-03-31 18:19:38"
320,9,ドルワーム水晶宮,"Crystal Palace",town,https://dq10.i-k-e.net/map/ドルワーム水晶宮,"2026-03-13 23:00:17","2026-03-31 18:19:38"
321,11,プクレットの村,"Pukulet Village",town,https://dq10.i-k-e.net/map/プクレットの村,"2026-03-13 23:00:44","2026-03-31 18:19:38"
322,6,雪原の廃墟,"Snowfield Ruins",hole,https://dq10.i-k-e.net/map/雪原の廃墟,"2026-03-13 23:17:21","2026-03-31 18:19:38"
323,6,妖剣士の塚,"Swordsman's Burial",hole,https://dq10.i-k-e.net/map/妖剣士の塚,"2026-03-13 23:55:42","2026-03-31 18:19:38"
325,6,カミルゴの盾島,"Gamilgo's Shield",town,https://dq10.i-k-e.net/map/カミルゴの盾島,"2026-03-13 23:55:45","2026-03-31 18:19:38"
326,6,忘れられた書庫,"Forgotten Library",hole,https://dq10.i-k-e.net/map/忘れられた書庫,"2026-03-13 23:55:48","2026-03-31 18:19:38"
327,6,荒野の枯れ井戸,"Withered Well",hole,https://dq10.i-k-e.net/map/荒野の枯れ井戸,"2026-03-13 23:56:03","2026-03-31 18:19:38"
328,5,ツスクルの村_井戸の中,"Tsuskuru Village - Inside Well",hole,https://dq10.i-k-e.net/map/ツスクルの村_井戸の中,"2026-03-13 23:56:27","2026-03-31 18:19:38"
329,5,風の町アズラン_領主の屋敷,"Wind Town Azlan - Lord's Mansion",town,https://dq10.i-k-e.net/map/風の町アズラン_領主の屋敷,"2026-03-13 23:56:34","2026-03-31 18:19:38"
330,5,王都カミハルムイ南,"Kamiharmui City South",town,https://dq10.i-k-e.net/map/王都カミハルムイ南,"2026-03-14 00:15:32","2026-03-31 18:19:38"
331,11,オルフェアの町,Orphea,town,https://dq10.i-k-e.net/map/オルフェアの町,"2026-03-14 00:39:42","2026-03-31 18:19:38"
332,11,オルファの丘,"Orpha Hill",town,https://dq10.i-k-e.net/map/オルファの丘,"2026-03-14 00:40:05","2026-03-31 18:19:38"
333,20,光の郷フィネトカ,Finetka,town,https://dq10.i-k-e.net/map/光の郷フィネトカ,"2026-03-14 00:40:20","2026-03-31 18:19:38"
334,11,メギストリスの都,"Megistris City",town,https://dq10.i-k-e.net/map/メギストリスの都,"2026-03-14 00:40:27","2026-03-31 18:19:38"
335,11,メギストリス城,"Megistris Castle",town,https://dq10.i-k-e.net/map/メギストリス城,"2026-03-14 00:40:30","2026-03-31 18:19:38"
336,11,キラキラ大風車塔,"Wondrous Windmill Tower",dungeon,https://dq10.i-k-e.net/map/キラキラ大風車塔,"2026-03-14 00:40:53","2026-03-31 18:19:38"
338,3,レーンの村,"Rane Village",town,https://dq10.i-k-e.net/map/レーンの村,"2026-03-14 00:41:36","2026-03-31 18:19:38"
339,3,ジュレー島下層_大空洞,"Lower Jule Island - Caverns",field,https://dq10.i-k-e.net/map/ジュレー島下層_大空洞,"2026-03-14 00:41:48","2026-03-31 18:19:38"
340,3,ジュレットの町,Julet,town,https://dq10.i-k-e.net/map/ジュレットの町,"2026-03-14 00:41:56","2026-03-31 18:19:38"
341,3,ジュレー島下層_遺跡,"Lower Jule Island - Ruins",dungeon,https://dq10.i-k-e.net/map/ジュレー島下層_遺跡,"2026-03-14 00:41:58","2026-03-31 18:19:38"
342,3,ヴェリナード城下町,"Verinard Castle Town",town,https://dq10.i-k-e.net/map/ヴェリナード城下町,"2026-03-14 00:42:32","2026-03-31 18:19:38"
343,3,ヴェリナード城駅,"Verinard Castle Station",town,https://dq10.i-k-e.net/map/ヴェリナード城駅,"2026-03-14 00:42:35","2026-03-31 18:19:38"
344,3,ヴェリナード城,"Verinard Castle",town,https://dq10.i-k-e.net/map/ヴェリナード城,"2026-03-14 00:42:35","2026-03-31 18:19:38"
346,12,ココラタの浜辺,"Cocolata Beach",town,https://dq10.i-k-e.net/map/ココラタの浜辺,"2026-03-14 00:43:26","2026-03-31 18:19:38"
347,12,三門の関所,"Three Way Gate",town,https://dq10.i-k-e.net/map/三門の関所,"2026-03-14 00:43:26","2026-03-31 18:19:38"
348,12,グランドタイタス号,"Grand Titus",town,https://dq10.i-k-e.net/map/グランドタイタス号,"2026-03-14 00:43:31","2026-03-31 18:19:38"
355,12,メルサンディ村,"Melsandy Village",town,https://dq10.i-k-e.net/map/メルサンディ村,"2026-03-14 00:43:51","2026-03-31 18:19:38"
362,12,セレドの町,"Town of Celed",town,https://dq10.i-k-e.net/map/セレドの町,"2026-03-14 00:44:23","2026-03-31 18:19:38"
364,12,ダーマ神殿,"Alltrades Abbey",town,https://dq10.i-k-e.net/map/ダーマ神殿,"2026-03-14 01:04:45","2026-03-31 18:19:38"
365,12,高台の教会,"High Church",town,https://dq10.i-k-e.net/map/高台の教会,"2026-03-14 01:04:45","2026-03-31 18:19:38"
366,12,エテーネの村,"Ethene Village",town,https://dq10.i-k-e.net/map/エテーネの村,"2026-03-14 01:04:59","2026-03-31 18:19:38"
379,12,アラハギーロ王国,"Kingdom of Al-Ahagiro",town,https://dq10.i-k-e.net/map/アラハギーロ王国,"2026-03-14 01:05:55","2026-03-31 18:19:38"
381,12,モンスター格闘場,"Monster Arena",town,https://dq10.i-k-e.net/map/モンスター格闘場,"2026-03-14 01:05:55","2026-03-31 18:19:38"
383,12,アラハギーロ王国_2階,"Kingdom of Al-Ahagiro - 2F",town,https://dq10.i-k-e.net/map/アラハギーロ王国_2階,"2026-03-14 01:06:18","2026-03-31 18:19:38"
391,12,グランゼドーラ王国,"Gran Zedora Kingdom",town,https://dq10.i-k-e.net/map/グランゼドーラ王国,"2026-03-14 01:07:07","2026-03-31 18:19:38"
392,12,グランゼドーラ城,"Gran Zedora Castle",town,https://dq10.i-k-e.net/map/グランゼドーラ城,"2026-03-14 01:07:11","2026-03-31 18:19:38"
403,18,真のココラタの浜辺,"True Cocolata Beach",town,https://dq10.i-k-e.net/map/真のココラタの浜辺,"2026-03-14 01:08:22","2026-03-31 18:19:38"
404,18,真の三門の関所,"True Three Way Gate",town,https://dq10.i-k-e.net/map/真の三門の関所,"2026-03-14 01:08:22","2026-03-31 18:19:38"
405,18,竜族の隠れ里,"Nadravian's Rest",town,https://dq10.i-k-e.net/map/竜族の隠れ里,"2026-03-14 01:08:39","2026-03-31 18:19:38"
406,18,神代の島,"Mythical Isle",town,https://dq10.i-k-e.net/map/神代の島,"2026-03-14 01:08:46","2026-03-31 18:19:38"
407,18,真のメルン水車郷,"True Melun Watermill",town,https://dq10.i-k-e.net/map/真のメルン水車郷,"2026-03-14 01:09:02","2026-03-31 18:19:38"
408,18,真のメルサンディ村,"True Melsandy Village",town,https://dq10.i-k-e.net/map/真のメルサンディ村,"2026-03-14 01:09:02","2026-03-31 18:19:38"
409,18,真のさびれたほこら,"True Deserted Shrine",town,https://dq10.i-k-e.net/map/真のさびれたほこら,"2026-03-14 01:09:02","2026-03-31 18:19:38"
410,18,真の夜宴館,"True Banquet Hall",town,https://dq10.i-k-e.net/map/真の夜宴館,"2026-03-14 01:09:20","2026-03-31 18:19:38"
411,18,謎の島,"Strange Island",town,https://dq10.i-k-e.net/map/謎の島,"2026-03-14 01:09:22","2026-03-31 18:19:38"
412,18,真のセレドの町,"True Town of Celed",town,https://dq10.i-k-e.net/map/真のセレドの町,"2026-03-14 01:09:31","2026-03-31 18:19:38"
413,18,真のダーマ神殿,"True Alltrades Abbey",twon,https://dq10.i-k-e.net/map/真のダーマ神殿,"2026-03-14 01:09:42","2026-03-31 18:19:38"
421,18,真のアラハギーロ王国,"True Kingdom of Al-Ahagiro",town,https://dq10.i-k-e.net/map/真のアラハギーロ王国,"2026-03-14 01:11:05","2026-03-31 18:19:38"
422,18,真のモンスター格闘場,"True Monster Arena",town,https://dq10.i-k-e.net/map/真のモンスター格闘場,"2026-03-14 01:11:05","2026-03-31 18:19:38"
424,18,真グランゼドーラ王国,"True Gran Zedora",town,https://dq10.i-k-e.net/map/真グランゼドーラ王国,"2026-03-14 01:12:19","2026-03-31 18:19:38"
425,18,真のグランゼドーラ城,"True Gran Zedora Castle",town,https://dq10.i-k-e.net/map/真のグランゼドーラ城,"2026-03-14 01:12:24","2026-03-31 18:19:38"
426,18,真のグランゼドーラ城_西の塔,"True Gran Zedora Castle - West Tower",town,https://dq10.i-k-e.net/map/真のグランゼドーラ城_西の塔,"2026-03-14 02:45:03","2026-03-31 18:19:38"
429,18,谷間の広場,"Valley Clearing",town,https://dq10.i-k-e.net/map/谷間の広場,"2026-03-14 02:45:34","2026-03-31 18:19:38"
430,18,ナルビアの町,Nalbia,town,https://dq10.i-k-e.net/map/ナルビアの町,"2026-03-14 02:45:49","2026-03-31 18:19:38"
431,18,光の神殿,"Temple of Light",town,https://dq10.i-k-e.net/map/光の神殿,"2026-03-14 02:46:09","2026-03-31 18:19:38"
432,18,マデ島,"Made Isle",town,https://dq10.i-k-e.net/map/マデ島,"2026-03-14 02:46:16","2026-03-31 18:19:38"
433,18,孤島の修道院,"Island Monastery",town,https://dq10.i-k-e.net/map/孤島の修道院,"2026-03-14 02:46:19","2026-03-31 18:19:38"
434,18,新エテーネの村,"New Ethene Village",town,https://dq10.i-k-e.net/map/新エテーネの村,"2026-03-14 02:46:21","2026-03-31 18:19:38"
436,10,聖都エジャルナ,"Ejarna City",town,https://dq10.i-k-e.net/map/聖都エジャルナ,"2026-03-14 02:46:29","2026-03-31 18:19:38"
437,10,アペカの村,"Apeka Village",town,https://dq10.i-k-e.net/map/アペカの村,"2026-03-14 02:46:29","2026-03-31 18:19:38"
438,10,炎樹の丘,"Firetree Hill",hole,https://dq10.i-k-e.net/map/炎樹の丘,"2026-03-14 02:46:29","2026-03-31 18:19:38"
440,10,ナドラガ教団大神殿,"Sanctum of the Order",town,https://dq10.i-k-e.net/map/ナドラガ教団大神殿,"2026-03-14 02:46:53","2026-03-31 18:19:38"
441,10,イーサの村,"Ether Village",town,https://dq10.i-k-e.net/map/イーサの村,"2026-03-14 02:47:14","2026-03-31 18:19:38"
442,10,恵みの木,"Tree of Grace",field,https://dq10.i-k-e.net/map/恵みの木,"2026-03-14 02:47:14","2026-03-31 18:19:38"
444,10,カーラモーラ村,"Carlamora Village",town,https://dq10.i-k-e.net/map/カーラモーラ村,"2026-03-14 02:47:52","2026-03-31 18:19:38"
445,10,ナドラガ神のほこら・闇,"Nadraga Dark Shrine",hole,https://dq10.i-k-e.net/map/ナドラガ神のほこら・闇,"2026-03-14 02:48:14","2026-03-31 18:19:38"
447,10,海底都市ルシュカ,"Undersea City Ruska",town,https://dq10.i-k-e.net/map/海底都市ルシュカ,"2026-03-14 02:48:29","2026-03-31 18:19:38"
449,10,カシャル海底神殿,"Kashal Undersea Temple",town,https://dq10.i-k-e.net/map/カシャル海底神殿,"2026-03-14 02:48:46","2026-03-31 18:19:38"
451,10,ムストの町・地下,"Underneath Morst",town,https://dq10.i-k-e.net/map/ムストの町・地下,"2026-03-14 02:49:16","2026-03-31 18:19:38"
463,14,古グランゼドーラ王国,"Old Gran Zedora Kingdom",town,https://dq10.i-k-e.net/map/古グランゼドーラ王国,"2026-03-14 02:50:09","2026-03-31 18:19:38"
464,14,古グランゼドーラ城,"Old Gran Zedora Castle",town,https://dq10.i-k-e.net/map/古グランゼドーラ城,"2026-03-14 02:50:19","2026-03-31 18:19:38"
466,7,オルセコ闘技城,"Orseco Combastle",town,https://dq10.i-k-e.net/map/オルセコ闘技城,"2026-03-14 02:50:42","2026-03-31 18:19:38"
467,7,オルの船着き場,"Orr Dock",town,https://dq10.i-k-e.net/map/オルの船着き場,"2026-03-14 02:51:01","2026-03-31 18:19:38"
468,7,獅子門・難民キャンプ,"Lion Gate Refugee Camp",town,https://dq10.i-k-e.net/map/獅子門・難民キャンプ,"2026-03-14 02:51:18","2026-03-31 18:19:38"
470,4,ウルベア地下帝国,"The Urbea Empire",dungeon,https://dq10.i-k-e.net/map/ウルベア地下帝国,"2026-03-14 02:51:26","2026-03-31 18:19:38"
471,4,帝国技術庁,"Imperial Endeavors",town,https://dq10.i-k-e.net/map/帝国技術庁・第一庁舎,"2026-03-14 02:51:26","2026-03-31 18:19:38"
472,4,ウルベア帝国城,"Urbea Empire Castle",town,https://dq10.i-k-e.net/map/ウルベア帝国城,"2026-03-14 02:51:48","2026-03-31 18:19:38"
473,4,帝国技術庁・第一庁舎,"Imperial Endeavors Bldg. 1",town,https://dq10.i-k-e.net/map/帝国技術庁・第一庁舎,"2026-03-14 02:51:55","2026-03-31 18:19:38"
474,4,帝国技術庁・第ニ庁舎,"Imperial Endeavors Bldg. 2",town,https://dq10.i-k-e.net/map/帝国技術庁・第ニ庁舎,"2026-03-14 02:51:57","2026-03-31 18:19:38"
476,2,アルウェーン管理棟,"Alweyn Admin Building",town,https://dq10.i-k-e.net/map/アルウェーン管理棟,"2026-03-14 02:52:01","2026-03-31 18:19:38"
477,2,アルウェーンの町,"Alweyn Township",town,https://dq10.i-k-e.net/map/アルウェーンの町,"2026-03-14 02:52:01","2026-03-31 18:19:38"
478,2,アストルティア博物館,"Astoltia Museum",town,https://dq10.i-k-e.net/map/アストルティア博物館,"2026-03-14 14:15:42","2026-03-31 18:19:38"
480,15,現・王都キィンベル,"Current Kimbel City",town,https://dq10.i-k-e.net/map/現・王都キィンベル,"2026-03-14 14:16:09","2026-03-31 18:19:38"
481,15,現・辺境警備隊詰所,"Current Frontier Guard Post",town,https://dq10.i-k-e.net/map/現・辺境警備隊詰所,"2026-03-14 14:16:09","2026-03-31 18:19:38"
482,15,現・自由人の集落,"Current Freedom Village",town,https://dq10.i-k-e.net/map/現・自由人の集落,"2026-03-14 14:16:09","2026-03-31 18:19:38"
483,15,現・王国軍司令部,"Current Royal Army HQ",town,https://dq10.i-k-e.net/map/現・王国軍司令部,"2026-03-14 14:16:38","2026-03-31 18:19:38"
484,15,現・パドレア邸,"Current Padrea Mansion",town,https://dq10.i-k-e.net/map/現・パドレア邸,"2026-03-14 14:16:38","2026-03-31 18:19:38"
485,20,大審門,Demongate,town,https://dq10.i-k-e.net/map/大審門,"2026-03-14 14:16:57","2026-03-31 18:19:38"
486,20,ゼクレス魔導国,Zechres,town,https://dq10.i-k-e.net/map/ゼクレス魔導国,"2026-03-14 14:17:07","2026-03-31 18:19:38"
487,20,ゼクレス城,"Zechres Castle",town,https://dq10.i-k-e.net/map/ゼクレス城,"2026-03-14 14:17:11","2026-03-31 18:19:38"
488,20,バルディスタ要塞,"Fortress Valdista",town,https://dq10.i-k-e.net/map/バルディスタ要塞,"2026-03-14 14:17:18","2026-03-31 18:19:38"
489,20,バルディスタ城,"Valdista Castle",town,https://dq10.i-k-e.net/map/バルディスタ城,"2026-03-14 14:17:24","2026-03-31 18:19:38"
490,20,砂の都ファラザード,Farazard,town,https://dq10.i-k-e.net/map/砂の都ファラザード,"2026-03-14 14:17:30","2026-03-31 18:19:38"
491,20,ファラザード城,"Farazard Castle",town,https://dq10.i-k-e.net/map/ファラザード城,"2026-03-14 14:17:37","2026-03-31 18:19:38"
492,20,真・魔幻宮殿,"True Demon Palace",town,https://dq10.i-k-e.net/map/真・魔幻宮殿,"2026-03-14 14:17:44","2026-03-31 18:19:38"
493,20,朽ちた霊廟,"Decaying Tomb",field,https://dq10.i-k-e.net/map/朽ちた霊廟,"2026-03-14 14:17:44","2026-03-31 18:19:38"
494,20,王都ネクロデア跡,"Necrodea Capital Ruins",town,https://dq10.i-k-e.net/map/王都ネクロデア跡,"2026-03-14 14:18:06","2026-03-31 18:19:38"
495,20,トポルの村,"Topol Village",town,https://dq10.i-k-e.net/map/トポルの村,"2026-03-14 14:18:25","2026-03-31 18:19:38"
496,20,大魔王城,"Demon Lord's Castle",town,https://dq10.i-k-e.net/map/大魔王城,"2026-03-14 14:18:37","2026-03-31 18:19:38"
499,20,ザードの祭壇,"Zard Altar",field,https://dq10.i-k-e.net/map/ザードの祭壇,"2026-03-14 14:19:37","2026-03-31 18:19:38"
500,16,神都フォーリオン,Fourion,town,https://dq10.i-k-e.net/map/神都フォーリオン,"2026-03-14 14:19:39","2026-03-31 18:19:38"
501,16,フォーリオン外郭,"Outer Fourion",town,https://dq10.i-k-e.net/map/フォーリオン外郭,"2026-03-14 14:19:45","2026-03-31 18:19:38"
502,16,フォーリオン聖天区画,"Fourion Holy Grounds",town,https://dq10.i-k-e.net/map/フォーリオン聖天区画,"2026-03-14 14:19:45","2026-03-31 18:19:38"
503,16,聖天舎,Monastery,town,https://dq10.i-k-e.net/map/聖天舎,"2026-03-14 14:19:51","2026-03-31 18:19:38"
504,16,フォーリオン聖天区画_全体,"Fourion Holy Grounds - Overview",field,https://dq10.i-k-e.net/map/フォーリオン聖天区画_全体,"2026-03-14 14:20:01","2026-03-31 18:19:38"
505,16,そなえの場,"Place of Preparation",town,https://dq10.i-k-e.net/map/そなえの場,"2026-03-14 14:20:07","2026-03-31 18:19:38"
506,16,秘伝の間,"Chamber of Secrets",field,https://dq10.i-k-e.net/map/秘伝の間,"2026-03-14 14:20:27","2026-03-31 18:19:38"
507,16,神授の秘密殿,"Shrine of Sanction",field,https://dq10.i-k-e.net/map/神授の秘密殿,"2026-03-14 14:20:27","2026-03-31 18:19:38"
508,16,滅亡の砂漠,"Desert of Doom",field,https://dq10.i-k-e.net/map/滅亡の砂漠,"2026-03-14 14:21:55","2026-03-31 18:19:38"
509,16,惨禍の迷路,"Disaster's Maze",field,https://dq10.i-k-e.net/map/惨禍の迷路,"2026-03-14 14:22:06","2026-03-31 18:19:38"
510,16,落日の原野,"Sunset Plains",field,https://dq10.i-k-e.net/map/落日の原野,"2026-03-14 14:22:09","2026-03-31 18:19:38"
511,16,逆夢の水晶宮,"Palace of Delusion",field,https://dq10.i-k-e.net/map/逆夢の水晶宮,"2026-03-14 14:22:12","2026-03-31 18:19:38"
513,16,薄明の小路,"Twilight's Path",town,https://dq10.i-k-e.net/map/薄明の小路,"2026-03-14 14:22:24","2026-03-31 18:19:38"
514,16,悔恨の牢獄,"Prison of Remorse",dungeon,https://dq10.i-k-e.net/map/悔恨の牢獄,"2026-03-14 14:22:28","2026-03-31 18:19:38"
515,16,追想の王国,"Memory's Kingdom",town,https://dq10.i-k-e.net/map/追想の王国,"2026-03-14 14:22:38","2026-03-31 18:19:38"
516,16,王国の悪夢,"Kingdom of Terror",dungeon,https://dq10.i-k-e.net/map/王国の悪夢,"2026-03-14 14:22:50","2026-03-31 18:19:38"
517,16,天使の墓所,"Angel's Rest",dungeon,https://dq10.i-k-e.net/map/天使の墓所,"2026-03-14 14:23:20","2026-03-31 18:19:38"
518,16,古フォーリオン,"Ancient Fourion",town,https://dq10.i-k-e.net/map/古フォーリオン,"2026-03-14 14:23:22","2026-03-31 18:19:38"
519,16,古とこしえの神殿,"Ancient Temple of Eternity",dungeon,https://dq10.i-k-e.net/map/古とこしえの神殿,"2026-03-14 14:23:28","2026-03-31 18:19:38"
520,16,星羅の天宮,"Starry Shrine",town,https://dq10.i-k-e.net/map/星羅の天宮,"2026-03-14 14:23:28","2026-03-31 18:19:38"
560,13,古・バントリユ地方,"Ancient Bantryu Region",field,https://draquex.com/map/kyu-1.php,"2026-03-14 22:37:45","2026-03-31 18:19:38"
561,13,古・エテーネ王国領,"Ancient Ethene Kingdom Area",field,https://draquex.com/map/kyu-2.php,"2026-03-14 22:37:50","2026-03-31 18:19:38"
562,13,古・ティプローネ高地,"Ancient Tiplone Highlands",field,https://draquex.com/map/kyu-3.php,"2026-03-14 22:37:55","2026-03-31 18:19:38"
563,13,廃墟のドミネウス邸,"Abandoned Domineus Mansion",field,https://draquex.com/map/kyu-4.php,"2026-03-14 22:37:59","2026-03-31 18:19:38"
564,13,古・残響の海蝕洞,"Ancient Echoing Sea Cave",field,https://draquex.com/map/kyu-5.php,"2026-03-14 22:38:05","2026-03-31 18:19:38"
565,13,イル・ラビリンス,"Il Maze",field,https://draquex.com/map/kyu-6.php,"2026-03-14 22:38:11","2026-03-31 18:19:38"
566,13,王立アルケミア,"Royal Alchemia",field,https://draquex.com/map/kyu-7.php,"2026-03-14 22:38:18","2026-03-31 18:19:38"
567,13,マデ神殿,"Made Temple",field,https://draquex.com/map/kyu-28.php,"2026-03-14 22:38:41","2026-03-31 18:19:38"
568,14,古レビュール街道南,"Old Reviewle Highway South",field,https://draquex.com/map/kyu-8.php,"2026-03-14 22:38:54","2026-03-31 18:19:38"
569,14,古レビュール街道北,"Old Reviewle Highway North",field,https://draquex.com/map/kyu-9.php,"2026-03-14 22:38:58","2026-03-31 18:19:38"
570,14,古グランゼドーラ領,"Old Gran Zedora Territory",field,https://draquex.com/map/kyu-10.php,"2026-03-14 22:39:07","2026-03-31 18:19:38"
571,14,古ロヴォス高地,"Old Rovos Highlands",field,https://draquex.com/map/kyu-11.php,"2026-03-14 22:39:16","2026-03-31 18:19:38"
572,14,神儀の護堂,"Guardian's Hall",field,https://draquex.com/map/kyu-12.php,"2026-03-14 22:39:20","2026-03-31 18:19:38"
573,7,オルセコ王国領,"Orseco Kingdom Region",field,https://draquex.com/map/kyu-13.php,"2026-03-14 22:39:30","2026-03-31 18:19:38"
574,7,ドランド平原,"Drand Plains",field,https://draquex.com/map/kyu-14.php,"2026-03-14 22:43:14","2026-03-31 18:19:38"
575,7,雄峰ランドン,"Landon Peak",field,https://draquex.com/map/kyu-15.php,"2026-03-14 22:43:20","2026-03-31 18:19:38"
576,7,辺境の雪山,"Snowy Mountain",field,https://draquex.com/map/kyu-16.php,"2026-03-14 22:43:24","2026-03-31 18:19:38"
577,7,鬼岩城,"The Badrocks",field,https://draquex.com/map/kyu-17.php,"2026-03-14 22:43:31","2026-03-31 18:19:38"
578,7,ダズの船着き場,"Daz Dock",field,https://draquex.com/map/kyu-18.php,"2026-03-14 22:43:38","2026-03-31 18:19:38"
579,7,太古の氷穴,"Old Ice Cavern",field,https://draquex.com/map/kyu-19.php,"2026-03-14 22:43:42","2026-03-31 18:19:38"
580,7,雪虫の洞くつ,"Cave of the Flies",field,https://draquex.com/map/kyu-20.php,"2026-03-14 22:43:46","2026-03-31 18:19:38"
581,4,ダラズ大鉱脈,"Daraz Prospect",field,https://draquex.com/map/kyu-21.php,"2026-03-14 22:43:51","2026-03-31 18:19:38"
582,4,カルデア溶岩帯,"Chaldea Lava Belt",field,https://draquex.com/map/kyu-22.php,"2026-03-14 22:43:55","2026-03-31 18:19:38"
583,4,ガタラ大山林,"Gatara Mountain Forest",field,https://draquex.com/map/kyu-23.php,"2026-03-14 22:44:03","2026-03-31 18:19:38"
584,4,灼熱の溶岩窟,"Burning Lava Cave",field,https://draquex.com/map/kyu-24.php,"2026-03-14 22:44:08","2026-03-31 18:19:38"
585,4,古グルグ地下道,"Old Gulug Underpass",field,https://draquex.com/map/kyu-25.php,"2026-03-14 22:44:12","2026-03-31 18:19:38"
586,2,自然遺産保護区,"Heritage Reserve",field,https://draquex.com/map/kyu-26.php,"2026-03-14 22:44:18","2026-03-31 18:19:38"
587,2,宇宙船・立入禁止区画,"Spacecraft - Restricted Area",field,https://draquex.com/map/kyu-27.php,"2026-03-14 22:44:34","2026-03-31 18:19:38"
588,19,エルトナの混沌,"Primordial Eltona",field,https://draquex.com/map/kyu-29.php,"2026-03-14 22:44:58","2026-03-31 18:19:38"
589,19,ナドラガンドの混沌,"Primordial Nadragand",field,https://draquex.com/map/kyu-30.php,"2026-03-14 22:45:03","2026-03-31 18:19:38"
609,20,ルクスガルン大空洞,"Luxgarn Caverns",field,https://draquex.com/map/makai-21.php,"2026-03-14 23:12:58","2026-03-31 18:19:38"
611,17,レストリア平野,"Restoria Plains",field,https://draquex.com/map/hate-1.php,"2026-03-14 23:22:58","2026-03-31 18:19:38"
612,17,シュタール鉱野,"Stahl Minefield",field,https://draquex.com/map/hate-2.php,"2026-03-14 23:23:03","2026-03-31 18:19:38"
613,17,タービア草原,"Turbia Meadows",field,https://draquex.com/map/hate-3.php,"2026-03-14 23:23:08","2026-03-31 18:19:38"
614,17,ハディン採石場,"Hadine Quarry",field,https://draquex.com/map/hate-4.php,"2026-03-14 23:23:16","2026-03-31 18:19:38"
616,17,ラランブラ山道,"Larambla Trail",field,https://draquex.com/map/hate-5.php,"2026-03-14 23:23:26","2026-03-31 18:19:38"
617,17,宵の神殿,"Temple of Twilight",field,https://draquex.com/map/hate-6.php,"2026-03-14 23:26:25","2026-03-31 18:19:38"
618,17,ムニエカ地方,"Munieka Region",field,https://draquex.com/map/hate-7.php,"2026-03-14 23:26:33","2026-03-31 18:19:38"
619,17,結晶の森,"Crystalline Forest",field,https://draquex.com/map/hate-8.php,"2026-03-14 23:26:41","2026-03-31 18:19:38"
620,17,ウォルド地方,"Angelfall Region",field,https://draquex.com/map/hate-9.php,"2026-03-14 23:26:46","2026-03-31 18:19:38"
621,17,ムニエカ・隠し通路,"Munieka - Secret Passage",dungeon,https://draquex.com/map/hate-15.php,"2026-03-14 23:27:20","2026-03-31 18:19:38"
624,6,死せる結晶の荒野,"Dead Crystal Desert",field,,"2026-03-18 13:39:31","2026-03-31 18:19:38"
625,20,バルメシュケの研究所,"Balmeschke's Laboratory",dungeon,,"2026-03-18 14:12:06","2026-03-31 18:19:38"
629,6,古代オルセコ闘技場,"Old Orseco Arena",dungeon,,"2026-03-21 14:21:24","2026-03-31 18:19:38"
631,22,カラマド高原,"kalmad plateau",field,,"2026-06-26 17:48:46","2026-06-27 07:58:45"
632,22,亡国の遺構,"Bokoku Iko",dungeon,,"2026-06-26 17:50:54","2026-06-26 17:50:54"
633,22,ソルベルム領,solberum,field,,"2026-06-26 17:58:10","2026-07-14 14:26:04"
634,22,カルサドラ溶岩窟,"karsadora yogan",dungeon,,"2026-06-26 17:59:35","2026-06-27 07:57:12"
635,22,流砂の海原,"Ryusa no Unabara",field,,"2026-06-26 18:00:39","2026-06-27 08:06:22"
636,22,ダラマッド遺跡,"Daramad Iseki",dungeon,,"2026-06-26 18:02:21","2026-06-27 08:20:55"
637,22,ラニカルカ地帯,Ranikaruka,field,,"2026-06-26 18:02:57","2026-06-27 09:24:31"
638,22,ソルトナ峡谷,"Soltona Kyokoku",field,,"2026-06-26 18:03:39","2026-06-27 09:37:41"
639,22,ヴォルザッド地下迷宮,,dungeon,,"2026-06-27 16:28:58","2026-06-27 16:29:50"
640,22,エマージュ海岸,"Emage coast",field,,"2026-08-03 13:01:19","2026-08-03 13:01:19"
