id,item_id,name,name_kana,name_en,item_kind,slot,accessory_type,inheritance_from_accessory_id,inheritance_type,inheritance_note,equip_level,weight,attack,defense,max_hp,max_mp,charm,agility,dexterity,magic_attack,healing_power,description,effects_json,synthesis_effects_json,obtain_methods_json,image_url,source_url,detail_url,created_at,updated_at
1,accessory_kao_1,海魔の眼甲,かいまのがんこう,Nacreous Necromonocle,accessory,顔アクセサリー,顔,,第一世代,,,,,2,,,2,,0,,,ドラゴンビートが たまに発動する 荒々しい仮面,"[{""note"": null, ""text"": ""魔物を倒すと25%でためる"", ""recommended"": false}]","[{""note"": null, ""text"": ""魔物を倒すと2％でためる"", ""recommended"": false}, {""note"": null, ""text"": ""魔物を倒すと3％でためる"", ""recommended"": false}, {""note"": null, ""text"": ""魔物を倒すと5％でためる"", ""recommended"": true}, {""note"": null, ""text"": ""さいだいHP+2"", ""recommended"": true}]","[{""note"": null, ""text"": ""グラコス討伐報酬""}, {""note"": null, ""text"": ""銀のフェザーチップ4枚""}, {""note"": null, ""text"": ""すごろくの報酬""}]",/storage/images/accessories/1-.webp,https://draquex.com/akuse/0-kao.php,https://draquex.com/akuse/akuse-kao-2.php,2026-03-12 12:57:09,2026-07-15 06:56:24
2,accessory_kao_2,機神の眼甲,きしんのがんこう,Mechanical Eye,accessory,顔アクセサリー,顔,1,第二世代,,,,,2,2,,2,,,,,ドラゴンビートが 発動しやすい メカニカルな仮面,"[{""note"": null, ""text"": ""魔物を倒すと35%でためる"", ""recommended"": false}]","[{""note"": null, ""text"": ""味方死亡時1%でためる"", ""recommended"": false}, {""note"": null, ""text"": ""味方死亡時2%でためる"", ""recommended"": true}, {""note"": null, ""text"": ""味方死亡時1%で聖女の守り"", ""recommended"": false}, {""note"": null, ""text"": ""味方死亡時2%で聖女の守り"", ""recommended"": true}, {""note"": null, ""text"": ""さいだいHP+2"", ""recommended"": true}]","[{""note"": null, ""text"": ""Sキラーマシンの討伐報酬""}, {""note"": null, ""text"": ""銀のフェザーチップ12枚""}, {""note"": null, ""text"": ""アスフェルド光章2個(1回のみ)""}, {""note"": null, ""text"": ""アスフェルド大光章2個(1回のみ)""}]",/storage/images/accessories/2-.webp,https://draquex.com/akuse/0-kao.php,https://draquex.com/akuse/akuse-kao-3.php,2026-03-12 12:57:11,2026-07-07 15:54:31
3,accessory_kao_3,アクセルギア,あくせるぎあ,Mechanical Monocle,accessory,顔アクセサリー,顔,,第一世代,,,,,2,,,1,,,,,バトル中まれに すぐ行動できる 機械式モノクル,"[{""note"": null, ""text"": ""6％で行動ターンを消費しない"", ""recommended"": false}]","[{""note"": null, ""text"": ""1％で行動ターンを消費しない"", ""recommended"": false}, {""note"": null, ""text"": ""1.5％で行動ターンを消費しない"", ""recommended"": true}, {""note"": null, ""text"": ""さいだいHP+2"", ""recommended"": false}, {""note"": null, ""text"": ""すばやさ+4"", ""recommended"": false}]","[{""note"": null, ""text"": ""キラーマジンガの討伐報酬""}, {""note"": null, ""text"": ""銀のフェザーチップ4枚""}, {""note"": null, ""text"": ""すごろくの報酬""}]",/storage/images/accessories/3-.webp,https://draquex.com/akuse/0-kao.php,https://draquex.com/akuse/akuse-kao-4.php,2026-03-12 12:57:13,2026-07-07 15:52:39
4,accessory_kao_4,死神のピアス,しにがみのぴあす,Reaper's Earrings,accessory,顔アクセサリー,顔,3,第二世代,,,,,2,,,1,,,,,バトル中まれに すぐ行動できる 死神のピアス,"[{""note"": null, ""text"": ""9％で行動ターンを消費しない"", ""recommended"": false}]","[{""note"": null, ""text"": ""特技のダメージ+5"", ""recommended"": true}, {""note"": null, ""text"": ""特技の回復量+5"", ""recommended"": true}, {""note"": null, ""text"": ""呪文のダメージ+5"", ""recommended"": true}, {""note"": null, ""text"": ""呪文の回復量+5"", ""recommended"": true}]","[{""note"": null, ""text"": ""スライダークの討伐報酬""}, {""note"": null, ""text"": ""アスフェルド光章2個(1回のみ)""}]",/storage/images/accessories/4-.webp,https://draquex.com/akuse/0-kao.php,https://draquex.com/akuse/akuse-kao-5.php,2026-03-12 12:57:15,2026-07-07 15:52:56
5,accessory_kao_5,マーシャルピアス,まーしゃるぴあす,Martial Earring,accessory,顔アクセサリー,顔,4,第三世代,,,,,,,,,,,,,呪文と特技による ダメージが増す 行動的なピアス,"[{""note"": null, ""text"": ""10.5%でターン消費なし(試合無効)"", ""recommended"": false}, {""note"": null, ""text"": ""呪文と特技のダメージ+15(試合無効"", ""recommended"": false}]","[{""note"": null, ""text"": ""特技のダメージ+3"", ""recommended"": false}, {""note"": null, ""text"": ""特技のダメージ+4"", ""recommended"": false}, {""note"": null, ""text"": ""特技のダメージ+5"", ""recommended"": true}, {""note"": null, ""text"": ""呪文のダメージ+3"", ""recommended"": false}, {""note"": null, ""text"": ""呪文のダメージ+4"", ""recommended"": false}, {""note"": null, ""text"": ""呪文のダメージ+5"", ""recommended"": true}]","[{""note"": null, ""text"": ""コインボス「結界の守護者たち」の討伐報酬""}]",/storage/images/accessories/5-.webp,https://draquex.com/akuse/0-kao.php,https://draquex.com/akuse/akuse-kao-36.php,2026-03-12 12:57:17,2026-07-07 15:53:11
6,accessory_kao_6,レメディピアス,れめでぃぴあす,Remedial Earring,accessory,顔アクセサリー,顔,4,第三世代,,,,,,,,,,,,,呪文と特技による 回復量が増える 行動的なピアス,"[{""note"": null, ""text"": ""10.5%でターン消費なし(試合無効)"", ""recommended"": false}, {""note"": null, ""text"": ""呪文と特技の回復量+15(試合無効"", ""recommended"": false}]","[{""note"": null, ""text"": ""特技の回復量+3"", ""recommended"": false}, {""note"": null, ""text"": ""特技の回復量+4"", ""recommended"": false}, {""note"": null, ""text"": ""特技の回復量+5"", ""recommended"": true}, {""note"": null, ""text"": ""呪文の回復量+3"", ""recommended"": false}, {""note"": null, ""text"": ""呪文の回復量+4"", ""recommended"": false}, {""note"": null, ""text"": ""呪文の回復量+5"", ""recommended"": true}]","[{""note"": null, ""text"": ""コインボス「結界の守護者たち」の討伐報酬""}]",/storage/images/accessories/6-.webp,https://draquex.com/akuse/0-kao.php,https://draquex.com/akuse/akuse-kao-37.php,2026-03-12 12:57:20,2026-07-07 15:53:03
7,accessory_kao_7,悪霊の仮面,あくりょうのかめん,Evil Spirit Mask,accessory,顔アクセサリー,顔,,第一世代,,,,,2,,,2,,,,,開戦時まれに 必殺チャージする なぞめいた仮面,"[{""note"": null, ""text"": ""開戦時6%で必殺チャージ"", ""recommended"": false}]","[{""note"": null, ""text"": ""さいだいHP+2"", ""recommended"": true}, {""note"": null, ""text"": ""さいだいMP+2"", ""recommended"": false}, {""note"": null, ""text"": ""しゅび力+2"", ""recommended"": false}, {""note"": null, ""text"": ""こうげき魔力+2"", ""recommended"": false}, {""note"": null, ""text"": ""かいふく魔力+2"", ""recommended"": false}, {""note"": null, ""text"": ""すばやさ+2"", ""recommended"": false}, {""note"": null, ""text"": ""きようさ+2"", ""recommended"": false}, {""note"": null, ""text"": ""おしゃれさ+2"", ""recommended"": false}, {""note"": null, ""text"": ""おもさ+2"", ""recommended"": false}, {""note"": null, ""text"": ""戦闘開始時2%で必殺チャージ"", ""recommended"": true}]","[{""note"": null, ""text"": ""悪霊の神々の討伐報酬""}, {""note"": null, ""text"": ""銀のフェザーチップ4枚""}, {""note"": null, ""text"": ""すごろくの報酬""}]",/storage/images/accessories/7-.webp,https://draquex.com/akuse/0-kao.php,https://draquex.com/akuse/akuse-kao-1.php,2026-03-12 12:57:22,2026-07-07 15:53:49
8,accessory_kao_8,魔犬の仮面,まけんのかめん,Demon Dog Mask,accessory,顔アクセサリー,顔,7,第二世代,,,4,,6,4,4,6,4,4,4,4,開戦時たまに 必殺チャージする 面妖な仮面,"[{""note"": null, ""text"": ""開戦時10％で必殺チャージ""}]","[{""note"": null, ""text"": ""必殺チャージ時 バイキルト""}, {""note"": null, ""text"": ""必殺チャージ時 魔力かくせい""}, {""note"": null, ""text"": ""必殺チャージ時 聖なる祈り""}, {""note"": null, ""text"": ""必殺チャージ時 早詠みの杖""}, {""note"": null, ""text"": ""必殺チャージ時 スカラ2段階""}, {""note"": null, ""text"": ""必殺チャージ時 魔結界2段階""}, {""note"": null, ""text"": ""必殺チャージ時 心頭滅却""}, {""note"": null, ""text"": ""必殺チャージ時 ピオラ2段階""}, {""note"": null, ""text"": ""必殺チャージ時 弓聖の守り星""}, {""note"": null, ""text"": ""必殺チャージ時 ホップスティック""}, {""note"": null, ""text"": ""必殺チャージ時10%で聖騎士の堅陣""}]","[{""note"": null, ""text"": ""魔犬レオパルドの討伐報酬""}]",/storage/images/accessories/8-.webp,https://draquex.com/akuse/0-kao.php,https://draquex.com/akuse/akuse-kao-31.php,2026-03-12 12:57:24,2026-05-07 20:54:26
9,accessory_kao_9,デスマスク,ですますく,Slaughtomask,accessory,顔アクセサリー,顔,8,第三世代,,,4,,6,4,4,6,4,4,4,4,開戦時たまに 必殺チャージする 迫力満点の仮面,"[{""note"": null, ""text"": ""開戦時10％で必殺チャージ""}]","[{""note"": null, ""text"": ""必殺チャージ時 バイキルト""}, {""note"": null, ""text"": ""必殺チャージ時 魔力かくせい""}, {""note"": null, ""text"": ""必殺チャージ時 聖なる祈り""}, {""note"": null, ""text"": ""必殺チャージ時 早詠みの杖""}, {""note"": null, ""text"": ""必殺チャージ時 スカラ2段階""}, {""note"": null, ""text"": ""必殺チャージ時 魔結界2段階""}, {""note"": null, ""text"": ""必殺チャージ時 心頭滅却""}, {""note"": null, ""text"": ""必殺チャージ時 ピオラ2段階""}, {""note"": null, ""text"": ""必殺チャージ時 弓聖の守り星""}, {""note"": null, ""text"": ""必殺チャージ時 ホップスティック""}, {""note"": null, ""text"": ""必殺チャージ時10%で聖騎士の堅陣""}, {""note"": null, ""text"": ""必殺チャージ時 牙神昇誕""}, {""note"": null, ""text"": ""必殺チャージ時 暴走確定""}, {""note"": null, ""text"": ""必殺チャージ時 まもりのきり""}, {""note"": null, ""text"": ""必殺チャージ時 聖女の守り""}, {""note"": null, ""text"": ""必殺チャージ時 会心ガード""}]","[{""note"": null, ""text"": ""デスマシーンの討伐報酬""}]",/storage/images/accessories/9-.webp,https://draquex.com/akuse/0-kao.php,https://draquex.com/akuse/akuse-kao-38.php,2026-03-12 12:57:26,2026-05-07 20:54:26
10,accessory_kao_10,ダークアイ,だーくあい,Dark Eye,accessory,顔アクセサリー,顔,,第一世代,,,,,,4,,,,,10,,魅了に強くHPと 攻撃魔力が増える 漆黒の仮面,"[{""note"": null, ""text"": ""魅了ガード+50％""}]","[{""note"": null, ""text"": ""さいだいHP+2""}, {""note"": null, ""text"": ""こうげき魔力+2""}, {""note"": null, ""text"": ""こうげき魔力+3""}, {""note"": null, ""text"": ""魅了ガード+5%""}, {""note"": null, ""text"": ""魅了ガード+10%""}]","[{""note"": null, ""text"": ""レグナライト10個で交換する""}]",/storage/images/accessories/10-.webp,https://draquex.com/akuse/0-kao.php,https://draquex.com/akuse/akuse-kao-6.php,2026-03-12 12:57:28,2026-05-07 20:54:26
11,accessory_kao_11,ダークグラス,だーくぐらす,Dark Glasses,accessory,顔アクセサリー,顔,,,,,,,2,,,10,,,,,幻惑の攻撃に とても強くなる おしゃれなグラス,"[""幻惑ガード+70％""]","[""幻惑ガード+5%"", ""幻惑ガード+10%"", ""こうげき力+2"", ""さいだいHP+2""]","[""レグナライト20個で交換する""]",/storage/images/accessories/11-.webp,https://draquex.com/akuse/0-kao.php,https://draquex.com/akuse/akuse-kao-7.php,2026-03-12 12:57:30,2026-05-07 20:54:26
12,accessory_kao_12,ネレウスマスク,ねれうすますく,Nereus Mask,accessory,顔アクセサリー,顔,,,,,,,,4,,4,,,,,大海に渦巻く 水の霊力が満ちた 毒に強いマスク,"[""どくガード+50%""]","[""毒ガード+5%"", ""毒ガード+10%"", ""さいだいHP+2""]","[""レグナライト25個で交換する""]",/storage/images/accessories/12-.webp,https://draquex.com/akuse/0-kao.php,https://draquex.com/akuse/akuse-kao-8.php,2026-03-12 12:57:32,2026-05-07 20:54:26
13,accessory_kao_13,ダンディサングラス,だんでぃさんぐらす,Aviator Sunglasses,accessory,顔アクセサリー,顔,,,,,,,2,,,10,,,,,幻惑に強くなる おしゃれな サングラス,"[""幻惑ガード+50％""]","[""幻惑ガード+5%"", ""幻惑ガード+10%"", ""おしゃれさ+1"", ""おしゃれさ+2"", ""おしゃれさ+3"", ""おしゃれさ+4"", ""おしゃれさ+5""]","[""小さなメダル10枚で交換""]",/storage/images/accessories/13-.webp,https://draquex.com/akuse/0-kao.php,https://draquex.com/akuse/akuse-kao-26.php,2026-03-12 12:57:34,2026-05-07 20:54:26
14,accessory_kao_14,モノクル,ものくる,Monocle,accessory,顔アクセサリー,顔,,,,,,,2,,,4,,,,,呪文暴走率高まる 金色のフレームの 片目用メガネ,"[""呪文ぼうそう率+5.0%""]","[""こうげき魔力+1"", ""こうげき魔力+2"", ""かいふく魔力+1"", ""かいふく魔力+2"", ""呪文ぼうそう率+1%"", ""呪文ぼうそう率+2%""]","[""きめんどうしのレアドロ"", ""まかいしつじのレアドロ""]",/storage/images/accessories/14-.webp,https://draquex.com/akuse/0-kao.php,https://draquex.com/akuse/akuse-kao-9.php,2026-03-12 12:57:36,2026-05-07 20:54:26
15,accessory_kao_15,パーティーメガネ,ぱーてぃーめがね,Stimulating Specs,accessory,顔アクセサリー,顔,,,,,,,2,,,10,,,,,開戦時たまに テンション上がる イケてるメガネ,"[""開戦時10%でためる""]","[""しゅび力+1"", ""しゅび力+2"", ""おしゃれさ+1"", ""おしゃれさ+2"", ""戦闘開始時1%でためる"", ""戦闘開始時2%でためる""]","[""小さなメダル10枚で交換""]",/storage/images/accessories/15-.webp,https://draquex.com/akuse/0-kao.php,https://draquex.com/akuse/akuse-kao-10.php,2026-03-12 12:57:39,2026-05-07 20:54:26
16,accessory_kao_16,かいとうの仮面,かいとうのかめん,Mugger's Mask,accessory,顔アクセサリー,顔,,,,,,,2,,,8,,30,,,アイテムをぬすむ 成功率が上がる おしゃれなマスク,[],"[""しゅび力+1"", ""すばやさ+1"", ""きようさ+1"", ""おしゃれさ+1"", ""おしゃれさ+2""]","[""岳都ガタラの防具屋で買う(1200G)""]",/storage/images/accessories/16-.webp,https://draquex.com/akuse/0-kao.php,https://draquex.com/akuse/akuse-kao-11.php,2026-03-12 12:57:41,2026-05-07 20:54:26
17,accessory_kao_17,ねこひげ,ねこひげ,Cat Whiskers,accessory,顔アクセサリー,顔,,第一世代,,,,,2,,,2,5,,,,不意をつく確率と すばやさが上がる ねこっぽいひげ,"[{""note"": null, ""text"": ""不意をつく確率+2%""}]","[{""note"": null, ""text"": ""すばやさ+1""}, {""note"": null, ""text"": ""すばやさ+2""}, {""note"": null, ""text"": ""すばやさ+3""}, {""note"": null, ""text"": ""すばやさ+4""}, {""note"": null, ""text"": ""不意をつく確率+1%""}, {""note"": null, ""text"": ""不意をつく確率+1.5%""}]","[{""note"": null, ""text"": ""ザ・キャッツの討伐報酬""}]",/storage/images/accessories/17-.webp,https://draquex.com/akuse/0-kao.php,https://draquex.com/akuse/akuse-kao-12.php,2026-03-12 12:57:44,2026-05-07 20:54:26
18,accessory_kao_18,かいけつマスク,かいけつますく,Marveling Mask,accessory,顔アクセサリー,顔,,,,,,,2,,,5,,,,,夜の開戦時 時々テンションが 高まるマスク,"[""夜開戦時20％でためる""]","[""きようさ+1"", ""きようさ+2"", ""おしゃれさ+1"", ""おしゃれさ+2"", ""夜の戦闘開始時に1%でためる"", ""夜の戦闘開始時に2%でためる""]","[""アスタロトのレアドロ""]",/storage/images/accessories/18-.webp,https://draquex.com/akuse/0-kao.php,https://draquex.com/akuse/akuse-kao-13.php,2026-03-12 12:57:46,2026-05-07 20:54:26
19,accessory_kao_19,ぐるぐるメガネ,ぐるぐるめがね,Safety Goggles,accessory,顔アクセサリー,顔,,,,,,,2,,,,,,,,魅了の攻撃に 強くなる ビン底メガネ,"[""魅了ガード+50％""]","[""おしゃれさ+1"", ""おしゃれさ+2"", ""魅了ガード+5%"", ""魅了ガード+10%""]","[""小さなメダル10枚で交換""]",/storage/images/accessories/19-.webp,https://draquex.com/akuse/0-kao.php,https://draquex.com/akuse/akuse-kao-14.php,2026-03-12 12:57:48,2026-05-07 20:54:26
20,accessory_kao_20,マジカルメガネ,まじかるめがね,Magical Glasses,accessory,顔アクセサリー,顔,,,,,,,2,,,5,,,8,,攻撃魔力を高める 神秘的なメガネ,[],"[""こうげき魔力+1"", ""こうげき魔力+2"", ""こうげき魔力+3"", ""さいだいMP+1""]","[""小さなメダル10枚で交換""]",/storage/images/accessories/20-.webp,https://draquex.com/akuse/0-kao.php,https://draquex.com/akuse/akuse-kao-15.php,2026-03-12 12:57:50,2026-05-07 20:54:26
21,accessory_kao_21,フワフワメガネ,ふわふわめがね,Fluffy Glasses,accessory,顔アクセサリー,顔,,,,,,,2,,,,,,,,かけると魔物が わたアメを落とす ラブリーなメガネ,"[""まれに魔物がフワフワわたアメを落とす"", ""おしゃれ+6""]","[""合成できない""]","[""小さなメダル10枚で交換""]",/storage/images/accessories/21-.webp,https://draquex.com/akuse/0-kao.php,https://draquex.com/akuse/akuse-kao-16.php,2026-03-12 12:57:52,2026-05-07 20:54:26
22,accessory_kao_22,教授のメガネ,きょうじゅのめがね,Professor's Specs,accessory,顔アクセサリー,顔,,,,,,,2,,5,2,,,5,5,最大MPを高め 魔力も上がる おしゃれなメガネ,[],"[""さいだいMP+1"", ""さいだいMP+2"", ""しゅび力+1"", ""しゅび力+2"", ""こうげき魔力+1"", ""こうげき魔力+2"", ""こうげき魔力+3"", ""かいふく魔力+1"", ""かいふく魔力+2"", ""かいふく魔力+3""]","[""トルネコから購入(12000G)""]",/storage/images/accessories/22-.webp,https://draquex.com/akuse/0-kao.php,https://draquex.com/akuse/akuse-kao-17.php,2026-03-12 12:57:54,2026-05-07 20:54:26
23,accessory_kao_23,地中ゴーグル,ちちゅうごーぐる,Subterranean Goggles,accessory,顔アクセサリー,顔,,,,,,,2,,,2,,,,,土の中に隠れた 魔物が見える 特殊なゴーグル,"[""地中にいる魔物の姿が見える""]","[""しゅび力+1"", ""しゅび力+2"", ""おしゃれさ+1"", ""おしゃれさ+2"", ""おしゃれさ+3"", ""おしゃれさ+4""]","[""小さなメダル1枚で交換""]",/storage/images/accessories/23-.webp,https://draquex.com/akuse/0-kao.php,https://draquex.com/akuse/akuse-kao-18.php,2026-03-12 12:57:56,2026-05-07 20:54:26
24,accessory_kao_24,オカルトメガネ,おかるとめがね,Occult Glasses,accessory,顔アクセサリー,顔,,,,,,,2,,,3,,,,,死者の世界の 魔物の姿が見える 不思議なメガネ,"[""死者の世界の魔物の姿が見える""]","[""しゅび力+1"", ""しゅび力+2"", ""おしゃれさ+1"", ""おしゃれさ+2"", ""おしゃれさ+3"", ""おしゃれさ+4""]","[""小さなメダル1枚で交換""]",/storage/images/accessories/24-.webp,https://draquex.com/akuse/0-kao.php,https://draquex.com/akuse/akuse-kao-29.php,2026-03-12 12:57:58,2026-05-07 20:54:26
25,accessory_kao_25,いやしのメガネ,いやしのめがね,X-Ray Specs,accessory,顔アクセサリー,顔,,,,,,,2,,,5,,,,8,回復魔力を高める おごそかなメガネ,[],"[""さいだいMP+1"", ""しゅび力+1"", ""しゅび力+2"", ""かいふく魔力+1"", ""かいふく魔力+2"", ""かいふく魔力+3"", ""おしゃれさ+2""]","[""小さなメダル10枚で交換""]",/storage/images/accessories/25-.webp,https://draquex.com/akuse/0-kao.php,https://draquex.com/akuse/akuse-kao-23.php,2026-03-12 12:58:01,2026-05-07 20:54:26
26,accessory_kao_26,ふちなしメガネ,ふちなしめがね,Borderless Specs,accessory,顔アクセサリー,顔,,,,,,,2,,,3,,,4,4,攻撃魔力と 回復魔力を高める ふちなしのメガネ,[],"[""しゅび力+1"", ""しゅび力+2"", ""こうげき魔力+1"", ""こうげき魔力+2"", ""こうげき魔力+3"", ""かいふく魔力+1"", ""かいふく魔力+2"", ""かいふく魔力+3"", ""おしゃれさ+1"", ""おしゃれさ+2""]","[""小さなメダル10枚で交換""]",/storage/images/accessories/26-.webp,https://draquex.com/akuse/0-kao.php,https://draquex.com/akuse/akuse-kao-28.php,2026-03-12 12:58:03,2026-05-07 20:54:26
27,accessory_kao_27,黒ぶちメガネ角,くろぶちめがねかく,Black Square Glasses,accessory,顔アクセサリー,顔,,,,,,,2,,,3,,,,,かけるとアタマが よさそうに見える 四角いメガネ,[],"[""しゅび力+1"", ""しゅび力+2"", ""おしゃれさ+1"", ""おしゃれさ+2"", ""おしゃれさ+3"", ""おしゃれさ+4""]","[""マッドスミスのレアドロ"", ""リビングデッドのレアドロ""]",/storage/images/accessories/27-.webp,https://draquex.com/akuse/0-kao.php,https://draquex.com/akuse/akuse-kao-30.php,2026-03-12 12:58:04,2026-05-07 20:54:26
28,accessory_kao_28,黒アイパッチ,くろあいぱっち,Black Eyepatch,accessory,顔アクセサリー,顔,,,,,,,2,,,2,,,,,開戦時 バイシオンが まれに発動する,"[{""note"": null, ""text"": ""開戦時5%でバイシオン"", ""recommended"": false}]","[{""note"": null, ""text"": ""さいだいHP+1""}, {""note"": null, ""text"": ""さいだいHP+2""}, {""note"": null, ""text"": ""しゅび力+1""}, {""note"": null, ""text"": ""しゅび力+2""}, {""note"": null, ""text"": ""戦闘開始時に1%でバイシオン""}, {""note"": null, ""text"": ""戦闘開始時に2%でバイシオン""}]","[{""note"": null, ""text"": ""アカツキショウグンのレアドロ""}, {""note"": null, ""text"": ""デビルロードのレアドロ""}]",/storage/images/accessories/28-.webp,https://draquex.com/akuse/0-kao.php,https://draquex.com/akuse/akuse-kao-25.php,2026-03-12 12:58:06,2026-07-15 06:43:25
29,accessory_kao_29,白アイパッチ,しろあいぱっち,White Eyepatch,accessory,顔アクセサリー,顔,,,,,,,2,,,2,,,,,開戦時 リホイミが たまに発動する,"[""開戦時10%でリホイミ""]","[""さいだいHP+1"", ""さいだいHP+2"", ""しゅび力+1"", ""しゅび力+2"", ""戦闘開始時に1%でリホイミ"", ""戦闘開始時に2%でリホイミ""]","[""しろバラのきしのレアドロ"", ""プリティフライのレアドロ""]",/storage/images/accessories/29-.webp,https://draquex.com/akuse/0-kao.php,https://draquex.com/akuse/akuse-kao-27.php,2026-03-12 12:58:08,2026-05-07 20:54:26
30,accessory_kao_30,ファントムマスク,ふぁんとむますく,Phantom Mask,accessory,顔アクセサリー,顔,,,,,,,1,,,20,,,,,正体を隠すため 身につける あやしいマスク,[],"[""すばやさ+1"", ""すばやさ+2"", ""きようさ+1"", ""きようさ+2"", ""おしゃれさ+1"", ""おしゃれさ+2"", ""おしゃれさ+3"", ""おしゃれさ+4""]","[""小さなメダル5枚で交換""]",/storage/images/accessories/30-.webp,https://draquex.com/akuse/0-kao.php,https://draquex.com/akuse/akuse-kao-19.php,2026-03-12 12:58:10,2026-05-07 20:54:26
31,accessory_kao_31,マスカレイドマスク,ますかれいどますく,Masquerade Mask,accessory,顔アクセサリー,顔,,,,,,,2,,,25,,,,,上流貴族たちが 舞踏会で愛用する 極上のマスク,[],"[""さいだいHP+1"", ""しゅび力+1"", ""こうげき魔力+1"", ""かいふく魔力+1"", ""きようさ+1"", ""おしゃれさ+1"", ""おしゃれさ+2""]","[""小さなメダル5枚で交換""]",/storage/images/accessories/31-.webp,https://draquex.com/akuse/0-kao.php,https://draquex.com/akuse/akuse-kao-20.php,2026-03-12 12:58:13,2026-05-07 20:54:26
32,accessory_kao_32,フサフサのヒゲ,ふさふさのひげ,Fluffy Mustache,accessory,顔アクセサリー,顔,,,,,,,2,,,2,,,,,フサフサして さわり心地のよい つけヒゲ,[],"[""さいだいHP+1"", ""しゅび力+1"", ""こうげき魔力+1"", ""かいふく魔力+1"", ""きようさ+1"", ""おしゃれさ+1"", ""おしゃれさ+2""]","[""小さなメダル5枚で交換""]",/storage/images/accessories/32-.webp,https://draquex.com/akuse/0-kao.php,https://draquex.com/akuse/akuse-kao-21.php,2026-03-12 12:58:16,2026-05-07 20:54:26
33,accessory_kao_33,フサフサの白ヒゲ,ふさふさのしろひげ,Fluffy White Mustache,accessory,顔アクセサリー,顔,,,,,,,2,,,2,,,,,フサフサして さわり心地のよい 白いつけヒゲ,[],"[""さいだいHP+1"", ""しゅび力+1"", ""こうげき魔力+1"", ""かいふく魔力+1"", ""きようさ+1"", ""おしゃれさ+1"", ""おしゃれさ+2""]","[""小さなメダル5枚で交換""]",/storage/images/accessories/33-.webp,https://draquex.com/akuse/0-kao.php,https://draquex.com/akuse/akuse-kao-22.php,2026-03-12 12:58:18,2026-05-07 20:54:26
34,accessory_kao_34,エラい人のヒゲ,えらいひとのひげ,Big-Wig Mustache,accessory,顔アクセサリー,顔,,,,,,,2,,,2,,,,,エラい人の気分が ちょっと味わえる ダンディなヒゲ,[],"[""さいだいHP+1"", ""しゅび力+1"", ""こうげき魔力+1"", ""かいふく魔力+1"", ""きようさ+1"", ""おしゃれさ+1"", ""おしゃれさ+2""]","[""トルネコから購入(12000G)""]",/storage/images/accessories/34-.webp,https://draquex.com/akuse/0-kao.php,https://draquex.com/akuse/akuse-kao-24.php,2026-03-12 12:58:20,2026-05-07 20:54:26
35,accessory_kao_35,ラウンドメガネ,らうんどめがね,Round Glasses,accessory,顔アクセサリー,顔,,,,,,,4,,,10,,,,,丸くて大きい フレームが特徴の レンズ入りメガネ,[],"[""合成できない""]","[""ヴェリのアクセ屋5000G""]",/storage/images/accessories/35-.webp,https://draquex.com/akuse/0-kao.php,https://draquex.com/akuse/akuse-kao-32.php,2026-03-12 12:58:22,2026-05-07 20:54:26
36,accessory_kao_36,黒ぶちメガネ丸,くろぶちめがねまる,Black Round Glasses,accessory,顔アクセサリー,顔,,,,,,,2,,,6,,,,,かけるとアタマが よさそうに見える まるいメガネ,[],"[""しゅび力+1"", ""しゅび力+2"", ""おしゃれさ+1"", ""おしゃれさ+2"", ""おしゃれさ+3"", ""おしゃれさ+4""]","[""リュウイーソーのレアドロ""]",/storage/images/accessories/36-.webp,https://draquex.com/akuse/0-kao.php,https://draquex.com/akuse/akuse-kao-33.php,2026-03-12 12:58:23,2026-05-07 20:54:26
37,accessory_kao_37,スライムピアス,すらいむぴあす,Slime Earrings,accessory,顔アクセサリー,顔,,,,,,,2,,,3,,,,,かわいくプルンと 耳元でゆれる スライム型ピアス,[],"[""さいだいHP+1"", ""しゅび力+1"", ""しゅび力+2"", ""きようさ+1"", ""きようさ+2"", ""おしゃれさ+1"", ""おしゃれさ+2""]","[""マリンスライムのレアドロ""]",/storage/images/accessories/37-.webp,https://draquex.com/akuse/0-kao.php,https://draquex.com/akuse/akuse-kao-34.php,2026-03-12 12:58:25,2026-05-07 20:54:26
38,accessory_kao_38,ほしくずのピアス,ほしくずのぴあす,Stardust Earrings,accessory,顔アクセサリー,顔,,,,,,,,,,6,2,,,,すばやさを高める 星をあしらった かわいい耳かざり,[],"[""しゅび力+1"", ""しゅび力+2"", ""すばやさ+1"", ""すばやさ+2"", ""すばやさ+3"", ""すばやさ+4"", ""すばやさ+5"", ""おしゃれさ+1"", ""おしゃれさ+2""]","[""スターキメラのレアドロ""]",/storage/images/accessories/38-.webp,https://draquex.com/akuse/0-kao.php,https://draquex.com/akuse/akuse-kao-35.php,2026-03-12 12:58:27,2026-05-07 20:54:26
60,accessory_kubi_1,バトルチョーカー,ばとるちょーかー,Dogged Collar,accessory,首アクセサリー,首,,第一世代,,,,7,,,,6,,,,,猛者の印となる 攻撃力を高める 栄誉ある首かざり,[],"[{""note"": null, ""text"": ""さいだいHP+2"", ""recommended"": false}, {""note"": null, ""text"": ""こうげき力+2"", ""recommended"": false}, {""note"": null, ""text"": ""こうげき力+3"", ""recommended"": false}, {""note"": null, ""text"": ""こうげき力+5"", ""recommended"": true}]","[{""note"": null, ""text"": ""アトラスの討伐報酬""}, {""note"": null, ""text"": ""銀のフェザーチップ4枚""}, {""note"": null, ""text"": ""すごろくの報酬""}]",/storage/images/accessories/60-.webp,https://draquex.com/akuse/0-kubi.php,https://draquex.com/akuse/akuse-kubi-3.php,2026-03-12 12:59:14,2026-07-07 15:55:07
61,accessory_kubi_2,忠誠のチョーカー,ちゅうせいのちょーかー,Champion's Choker,accessory,首アクセサリー,首,60,第二世代,,,,10,,3,,6,,,,,戦神の加護で 攻撃力が高まる 至高の首かざり,[],"[{""note"": null, ""text"": ""こうげき力+2"", ""recommended"": false}, {""note"": null, ""text"": ""こうげき力+3"", ""recommended"": false}, {""note"": null, ""text"": ""こうげき力+5"", ""recommended"": true}, {""note"": null, ""text"": ""さいだいHP+1"", ""recommended"": false}, {""note"": null, ""text"": ""さいだいHP+2"", ""recommended"": false}]","[{""note"": null, ""text"": ""伝説の三悪魔の討伐報酬""}, {""note"": null, ""text"": ""銀のフェザーチップ12枚""}, {""note"": null, ""text"": ""すごろくの報酬""}]",/storage/images/accessories/61-.webp,https://draquex.com/akuse/0-kubi.php,https://draquex.com/akuse/akuse-kubi-4.php,2026-03-12 12:59:16,2026-07-07 15:55:34
62,accessory_kubi_3,ラストチョーカー,らすとちょーかー,Ultimate Choker,accessory,首アクセサリー,首,61,第三世代,,,,30,,11,,6,,,,,進化の秘宝により 攻撃力が究極に 高まる首かざり,[],"[{""note"": null, ""text"": ""こうげき力+6"", ""recommended"": false}, {""note"": null, ""text"": ""こうげき力+7"", ""recommended"": false}, {""note"": null, ""text"": ""こうげき力+8"", ""recommended"": false}, {""note"": null, ""text"": ""こうげき力+9"", ""recommended"": false}, {""note"": null, ""text"": ""こうげき力+10"", ""recommended"": true}]","[{""note"": null, ""text"": ""コインボス「究極エビルプリースト」の討伐報酬""}]",/storage/images/accessories/62-.webp,https://draquex.com/akuse/0-kubi.php,https://draquex.com/akuse/akuse-kubi-19.php,2026-03-12 12:59:18,2026-07-07 15:55:45
63,accessory_kubi_4,幻界王の首かざり,げんかいおうのくびかざり,Dreadful Necklace,accessory,首アクセサリー,首,,第一世代,,,,,25,45,,5,,,,,強さを低下する 攻撃から身を守る 不思議な首かざり,"[{""note"": null, ""text"": ""各弱体系耐性+50%""}]","[{""note"": null, ""text"": ""さいだいHP+3""}, {""note"": null, ""text"": ""さいだいHP+5""}, {""note"": null, ""text"": ""各弱体系耐性25%""}, {""note"": null, ""text"": ""各弱体系耐性20%""}, {""note"": null, ""text"": ""各弱体系耐性15%""}, {""note"": null, ""text"": ""各弱体系耐性10%""}]","[{""note"": null, ""text"": ""コインボス「真・幻界諸侯」の討伐報酬""}]",/storage/images/accessories/63-.webp,https://draquex.com/akuse/0-kubi.php,https://draquex.com/akuse/akuse-kubi-18.php,2026-03-12 12:59:20,2026-05-07 20:54:26
64,accessory_kubi_5,銀のロザリオ,ぎんのろざりお,Silver Rosary,accessory,首アクセサリー,首,,第一世代,,,,,2,,,4,,,,2,死の寸前たまに HP1で生き残る 神聖な銀のお守り,"[{""note"": null, ""text"": ""致死ダメージ時10％で生存"", ""recommended"": false}]","[{""note"": null, ""text"": ""致死ダメージ時生存確率+5%"", ""recommended"": true}, {""note"": null, ""text"": ""さいだいHP+2"", ""recommended"": false}, {""note"": null, ""text"": ""さいだいHP+3"", ""recommended"": false}, {""note"": null, ""text"": ""しゅび力+3"", ""recommended"": false}, {""note"": null, ""text"": ""さいだいHP+4"", ""recommended"": false}]","[{""note"": null, ""text"": ""ベリアルの討伐報酬""}, {""note"": null, ""text"": ""銀のフェザーチップ4枚""}, {""note"": null, ""text"": ""すごろくの報酬""}]",/storage/images/accessories/64-.webp,https://draquex.com/akuse/0-kubi.php,https://draquex.com/akuse/akuse-kubi-1.php,2026-03-12 12:59:22,2026-07-07 15:56:04
65,accessory_kubi_6,金のロザリオ,きんのろざりお,Gold Rosary,accessory,首アクセサリー,首,64,第二世代,,,,3,2,5,,5,,,,5,死の寸前HP1で 意外と生き残る 神聖な金のお守り,"[{""note"": null, ""text"": ""致死ダメージ時20％で生存"", ""recommended"": false}]","[{""note"": null, ""text"": ""さいだいHP+2"", ""recommended"": false}, {""note"": null, ""text"": ""さいだいHP+3"", ""recommended"": true}, {""note"": null, ""text"": ""こうげき力+3"", ""recommended"": false}, {""note"": null, ""text"": ""こうげき力+5"", ""recommended"": false}, {""note"": null, ""text"": ""しゅび力+5"", ""recommended"": false}]","[{""note"": null, ""text"": ""牙王ゴースネルの討伐報酬""}, {""note"": null, ""text"": ""銀のフェザーチップ12枚""}, {""note"": null, ""text"": ""アスフェルド光章2個(1回のみ)""}, {""note"": null, ""text"": ""アスフェルド大光章2個(1回のみ)""}, {""note"": null, ""text"": ""すごろくの報酬""}]",/storage/images/accessories/65-.webp,https://draquex.com/akuse/0-kubi.php,https://draquex.com/akuse/akuse-kubi-5.php,2026-03-12 12:59:24,2026-07-07 15:56:13
66,accessory_kubi_7,魔王のネックレス,まおうのねっくれす,Sock-It Locket,accessory,首アクセサリー,首,,第一世代,,,,,,,,2,,,25,,おそるべき 攻撃魔力を宿した ネックレス,[],"[{""note"": null, ""text"": ""こうげき魔力+3"", ""recommended"": false}, {""note"": null, ""text"": ""こうげき魔力+5"", ""recommended"": true}, {""note"": null, ""text"": ""さいだいMP+2"", ""recommended"": false}, {""note"": null, ""text"": ""さいだいMP+3"", ""recommended"": false}]","[{""note"": null, ""text"": ""バラモスの討伐報酬""}, {""note"": null, ""text"": ""銀のフェザーチップ4枚""}, {""note"": null, ""text"": ""すごろくの報酬""}]",/storage/images/accessories/66-.webp,https://draquex.com/akuse/0-kubi.php,https://draquex.com/akuse/akuse-kubi-2.php,2026-03-12 12:59:26,2026-07-07 15:56:29
67,accessory_kubi_8,智謀の首かざり,ちぼうのくびかざり,Wisdom Necklace,accessory,首アクセサリー,首,66,第二世代,,,,,,,,4,,,,,とてつもない 攻撃魔力を宿した ネックレス,"[{""note"": null, ""text"": ""攻撃魔力+50""}]","[{""note"": null, ""text"": ""炎の攻撃ダメージ+0.5％""}, {""note"": null, ""text"": ""炎の攻撃ダメージ+1％""}, {""note"": null, ""text"": ""氷の攻撃ダメージ+0.5％""}, {""note"": null, ""text"": ""氷の攻撃ダメージ+1％""}, {""note"": null, ""text"": ""風の攻撃ダメージ+0.5％""}, {""note"": null, ""text"": ""風の攻撃ダメージ+1％""}, {""note"": null, ""text"": ""雷の攻撃ダメージ+0.5％""}, {""note"": null, ""text"": ""雷の攻撃ダメージ+1％""}, {""note"": null, ""text"": ""土の攻撃ダメージ+0.5％""}, {""note"": null, ""text"": ""土の攻撃ダメージ+1％""}, {""note"": null, ""text"": ""光の攻撃ダメージ+0.5％""}, {""note"": null, ""text"": ""光の攻撃ダメージ+1％""}, {""note"": null, ""text"": ""闇の攻撃ダメージ+0.5％""}, {""note"": null, ""text"": ""闇の攻撃ダメージ+1％""}]","[{""note"": null, ""text"": ""ゲルニック将軍の討伐報酬""}]",/storage/images/accessories/67-.webp,https://draquex.com/akuse/0-kubi.php,https://draquex.com/akuse/akuse-kubi-15.php,2026-03-12 12:59:28,2026-05-07 20:54:26
68,accessory_kubi_9,竜のうろこ,りゅうのうろこ,Dragon Scale,accessory,首アクセサリー,首,,第一世代,,,,3,3,5,,5,,,,,敵からの攻撃に 打たれ強くなる 首かざり,"[{""note"": null, ""text"": ""受けるダメージを30軽減する"", ""recommended"": false}]","[{""note"": null, ""text"": ""さいだいHP+2"", ""recommended"": false}, {""note"": null, ""text"": ""さいだいHP+3"", ""recommended"": true}, {""note"": null, ""text"": ""こうげき力+3"", ""recommended"": false}, {""note"": null, ""text"": ""こうげき力+5"", ""recommended"": true}, {""note"": null, ""text"": ""しゅび力+5"", ""recommended"": true}]","[{""note"": null, ""text"": ""ドラゴンの討伐報酬""}]",/storage/images/accessories/68-.webp,https://draquex.com/akuse/0-kubi.php,https://draquex.com/akuse/akuse-kubi-16.php,2026-03-12 12:59:30,2026-07-07 15:56:49
69,accessory_kubi_10,赤竜の首かざり,せきりゅうのくびかざり,Spitzfire Strand,accessory,首アクセサリー,首,68,第二世代,,,,18,18,14,,5,,,,,敵からの攻撃に さらに強くなった 首かざり,[],"[{""note"": null, ""text"": ""さいだいHP+2"", ""recommended"": false}, {""note"": null, ""text"": ""さいだいHP+3"", ""recommended"": true}, {""note"": null, ""text"": ""こうげき力+3"", ""recommended"": false}, {""note"": null, ""text"": ""こうげき力+5"", ""recommended"": true}, {""note"": null, ""text"": ""しゅび力+5"", ""recommended"": true}]","[{""note"": null, ""text"": ""コインボス「人食い火竜」の討伐報酬""}]",/storage/images/accessories/69-.webp,https://draquex.com/akuse/0-kubi.php,https://draquex.com/akuse/akuse-kubi-20.php,2026-03-12 12:59:32,2026-07-07 15:56:58
70,accessory_kubi_11,おうじょのあい,おうじょのあい,Princess' Pledge,accessory,首アクセサリー,首,,第一世代,,,1,,,,,1,,,,,ある国の王女の 愛がこめられた ペンダント,[],"[{""note"": null, ""text"": ""レアドロップ率1.1倍""}, {""note"": null, ""text"": ""転生モンスター出現率1.1倍""}, {""note"": null, ""text"": ""メタル系モンスター出現率1.1倍""}]","[{""note"": null, ""text"": ""コインボス「ドラゴン」を倒したときに手に入る竜のうろこの破片を300個で交換""}]",/storage/images/accessories/70-.webp,https://draquex.com/akuse/0-kubi.php,https://draquex.com/akuse/akuse-kubi-17.php,2026-03-12 12:59:34,2026-05-07 20:54:26
71,accessory_kubi_12,木彫りのロザリオ,きぼりのろざりお,Wood Carved Rosary,accessory,首アクセサリー,首,,,,,,,2,,,2,,,,2,死の寸前まれに HP1で生き残る 神聖な木彫り細工,"[""致死ダメージ時5%で生存""]","[""さいだいHP+1"", ""さいだいHP+2"", ""さいだいHP+3"", ""しゅび力+3"", ""しゅび力+4"", ""致死ダメージや即死効果時に生き残る確率+5%""]","[""小さなメダル15枚で交換""]",/storage/images/accessories/71-.webp,https://draquex.com/akuse/0-kubi.php,https://draquex.com/akuse/akuse-kubi-8.php,2026-03-12 12:59:36,2026-05-07 20:54:26
72,accessory_kubi_13,ラッキーペンダント,らっきーぺんだんと,Lucky Pendant,accessory,首アクセサリー,首,,,,,,,2,,,4,,,,,強さを低下させる さまざまな攻撃に 強くなる首かざり,"[""各弱体系耐性+10%""]","[""さいだいHP+1"", ""しゅび力+1"", ""しゅび力+2"", ""能力弱体系状態異常耐性+3%"", ""能力弱体系状態異常耐性+5%""]","[""おにこんぼうのレアドロ"", ""ズッキーニャのレアドロ"", ""ぶっちズキーニャのレアドロ"", ""ユキフルのレアドロ""]",/storage/images/accessories/72-.webp,https://draquex.com/akuse/0-kubi.php,https://draquex.com/akuse/akuse-kubi-6.php,2026-03-12 12:59:38,2026-05-07 20:54:26
73,accessory_kubi_14,ちからのペンダント,ちからのぺんだんと,Wrecklace,accessory,首アクセサリー,首,,,,,,5,,,,,,,,,攻撃力を高める 闘魂を込めた ルビーの首かざり,[],"[""さいだいHP+1"", ""さいだいHP+2"", ""こうげき力+1"", ""こうげき力+2""]","[""小さなメダル15枚で交換""]",/storage/images/accessories/73-.webp,https://draquex.com/akuse/0-kubi.php,https://draquex.com/akuse/akuse-kubi-7.php,2026-03-12 12:59:42,2026-05-07 20:54:26
74,accessory_kubi_15,命のネックレス,いのちのねっくれす,Block-It Locket,accessory,首アクセサリー,首,,,,,,,2,2,,2,,,,,最大HPが増え 戦闘後にHPを 少し回復,"[""戦闘勝利時にHPが3～7回復""]","[""さいだいHP+1"", ""さいだいHP+2"", ""さいだいHP+3"", ""しゅび力+1"", ""しゅび力+2"", ""戦闘勝利時にHP回復+2""]","[""小さなメダル20枚で交換""]",/storage/images/accessories/74-.webp,https://draquex.com/akuse/0-kubi.php,https://draquex.com/akuse/akuse-kubi-9.php,2026-03-12 12:59:45,2026-05-07 20:54:26
75,accessory_kubi_16,ちょうネクタイ,ちょうねくたい,Bow Tie,accessory,首アクセサリー,首,,,,,,,2,,,10,,,,,夜会などで 紳士が身につける しゃれたネクタイ,[],"[""しゅび力+1"", ""すばやさ+1"", ""きようさ+1"", ""おしゃれさ+1"", ""おしゃれさ+2"", ""おしゃれさ+3"", ""おしゃれさ+4"", ""おしゃれさ+5""]","[""ヴェリのアクセ屋5000G""]",/storage/images/accessories/75-.webp,https://draquex.com/akuse/0-kubi.php,https://draquex.com/akuse/akuse-kubi-10.php,2026-03-12 12:59:47,2026-05-07 20:54:26
76,accessory_kubi_17,きんのネックレス,きんのねっくれす,Gold Chain,accessory,首アクセサリー,首,,,,,,,2,3,,,,,,,HPが増える 金の鎖でできた 派手なネックレス,[],"[""さいだいHP+1"", ""しゅび力+1"", ""おもさ+1"", ""おもさ+2""]","[""ミミックのレアドロ"", ""わかめ王子のレアドロ"", ""ヴェリのアクセ屋5000G""]",/storage/images/accessories/76-.webp,https://draquex.com/akuse/0-kubi.php,https://draquex.com/akuse/akuse-kubi-11.php,2026-03-12 12:59:48,2026-05-07 20:54:26
77,accessory_kubi_18,ようせいの首かざり,ようせいのくびかざり,Papillon Pendant,accessory,首アクセサリー,首,,,,,,,2,2,2,5,,,,,HPとMPが増え MP吸収の攻撃に 強くなる首かざり,"[""MP吸収ガード+25%""]","[""しゅび力+1"", ""しゅび力+2"", ""MP吸収ガード+5%"", ""MP吸収ガード+10%""]","[""オリエンタシスのレアドロ"", ""サイクロプスのレアドロ""]",/storage/images/accessories/77-.webp,https://draquex.com/akuse/0-kubi.php,https://draquex.com/akuse/akuse-kubi-12.php,2026-03-12 12:59:50,2026-05-07 20:54:26
78,accessory_kubi_19,ハートのペンダント,はーとのぺんだんと,Heart Pendant,accessory,首アクセサリー,首,,,,,,,,2,,,,,,,HPが増える くじけない心が 宿る首かざり,[],"[""さいだいHP+1"", ""さいだいHP+2"", ""さいだいHP+3"", ""しゅび力+1"", ""しゅび力+2"", ""おしゃれさ+1"", ""おしゃれさ+2""]","[""ベホマスライムのレアドロ""]",/storage/images/accessories/78-.webp,https://draquex.com/akuse/0-kubi.php,https://draquex.com/akuse/akuse-kubi-13.php,2026-03-12 12:59:52,2026-05-07 20:54:26
79,accessory_kubi_20,まもりのペンダント,まもりのぺんだんと,Adamant Pendant,accessory,首アクセサリー,首,,,,,,,6,,,3,,,,,守備力を高める 祈りを込めた ルビーの首かざり,[],"[""さいだいHP+1"", ""さいだいHP+2"", ""しゅび力+1"", ""しゅび力+2"", ""しゅび力+3""]","[""小さなメダル20枚で交換""]",/storage/images/accessories/79-.webp,https://draquex.com/akuse/0-kubi.php,https://draquex.com/akuse/akuse-kubi-14.php,2026-03-12 12:59:55,2026-05-07 20:54:26
80,accessory_yubi_1,聖守護者のゆびわ,せいしゅごしゃのゆびわ,Sentinel's Ring,accessory,指アクセサリー,指,,,,,,,1,,,1,,,,,聖守護者の加護で 悪い効果から 守ってくれる指輪,[],"[""眠りガード+20％"", ""眠りガード+30％"", ""幻惑ガード+20％"", ""幻惑ガード+30％"", ""マヒガード+20％"", ""マヒガード+30％"", ""呪いガード+20％"", ""呪いガード+30％"", ""混乱ガード+20％"", ""混乱ガード+30％"", ""即死ガード+20％"", ""即死ガード+30％"", ""封印ガード+20％"", ""封印ガード+30％"", ""どくガード+20％"", ""どくガード+30％""]","[""○○水晶の羽根10個と交換""]",/storage/images/accessories/80-.webp,https://draquex.com/akuse/0-yubi.php,https://draquex.com/akuse/akuse-yubi-19.php,2026-03-12 13:00:42,2026-05-07 20:54:26
81,accessory_yubi_2,断罪のゆびわ,だんざいのゆびわ,Judgment Ring,accessory,指アクセサリー,指,,,,,,,,,,1,,,,,さまざまな効果を 付けて強化できる 天使の指輪,[],,"[""赤のラクリマは深淵の咎人たちのボス『厭悪のルベランギス』を倒すと手に入ります""]",/storage/images/accessories/81-.webp,https://draquex.com/akuse/0-yubi.php,https://draquex.com/akuse/akuse-yubi-21.php,2026-03-12 13:00:44,2026-05-07 20:54:26
82,accessory_yubi_3,幻界闘士のゆびわ,げんかいとうしのゆびわ,Phantom Fighter Ring,accessory,指アクセサリー,指,,第一世代,,,,6,,,,2,,,,,攻撃力を高め 攻撃力アップの 時間ものばす指輪,"[{""note"": null, ""text"": ""攻撃力アップの時間が5秒増加"", ""recommended"": false}]","[{""note"": null, ""text"": ""こうげき力アップの効果が3秒増加"", ""recommended"": false}, {""note"": null, ""text"": ""こうげき力アップの効果が4秒増加"", ""recommended"": false}, {""note"": null, ""text"": ""こうげき力アップの効果が5秒増加"", ""recommended"": true}, {""note"": null, ""text"": ""こうげき力+2"", ""recommended"": false}]","[{""note"": null, ""text"": ""幻界の四諸侯の討伐報酬""}, {""note"": null, ""text"": ""銀のフェザーチップ4枚""}, {""note"": null, ""text"": ""すごろくの報酬""}]",/storage/images/accessories/82-.webp,https://draquex.com/akuse/0-yubi.php,https://draquex.com/akuse/akuse-yubi-2.php,2026-03-12 13:00:46,2026-07-07 15:57:38
83,accessory_yubi_4,幻界導師のゆびわ,げんかいどうしのゆびわ,Phantom Priest Ring,accessory,指アクセサリー,指,,第一世代,,,,,,,,2,,,6,,攻撃魔力を高め 呪文威力アップの 時間ものばす指輪,"[{""note"": null, ""text"": ""呪文威力アップの時間が5秒増加"", ""recommended"": false}]","[{""note"": null, ""text"": ""呪文威力アップの効果が3秒増加"", ""recommended"": false}, {""note"": null, ""text"": ""呪文威力アップの効果が4秒増加"", ""recommended"": false}, {""note"": null, ""text"": ""呪文威力アップの効果が5秒増加"", ""recommended"": false}, {""note"": null, ""text"": ""こうげき魔力+2"", ""recommended"": false}]","[{""note"": null, ""text"": ""幻界の四諸侯の討伐報酬""}, {""note"": null, ""text"": ""銀のフェザーチップ4枚""}, {""note"": null, ""text"": ""すごろくの報酬""}]",/storage/images/accessories/83-.webp,https://draquex.com/akuse/0-yubi.php,https://draquex.com/akuse/akuse-yubi-3.php,2026-03-12 13:00:48,2026-07-07 16:00:24
84,accessory_yubi_5,武刃将軍のゆびわ,ぶじんしょうぐんのゆびわ,Warrior General Ring,accessory,指アクセサリー,指,82,第二世代,,,,10,,2,,,,,,,攻撃力系の さまざまな効果が 付与された指輪,"[{""note"": null, ""text"": ""攻撃力アップの時間が15秒増加"", ""recommended"": false}, {""note"": null, ""text"": ""行動時3.0%でバイシオン"", ""recommended"": false}]","[{""note"": null, ""text"": ""行動時1.0%でバイシオン"", ""recommended"": false}, {""note"": null, ""text"": ""行動時2.0%でバイシオン"", ""recommended"": false}, {""note"": null, ""text"": ""行動時3.0%でバイシオン"", ""recommended"": true}, {""note"": null, ""text"": ""さいだいHP+1"", ""recommended"": false}, {""note"": null, ""text"": ""さいだいHP+2"", ""recommended"": true}]","[{""note"": null, ""text"": ""スライムジェネラルの討伐報酬""}, {""note"": null, ""text"": ""銀のフェザーチップ12枚""}, {""note"": null, ""text"": ""アスフェルド光章2個(1回のみ)""}, {""note"": null, ""text"": ""アスフェルド大光章2個(1回のみ)""}]",/storage/images/accessories/84-.webp,https://draquex.com/akuse/0-yubi.php,https://draquex.com/akuse/akuse-yubi-4.php,2026-03-12 13:00:52,2026-07-07 15:59:53
85,accessory_yubi_6,魔導将軍のゆびわ,まどうしょうぐんのゆびわ,Mage General Ring,accessory,指アクセサリー,指,83,第二世代,,,,,,2,,,,,10,,攻撃魔力系の さまざまな効果が 付与された指輪,"[{""note"": null, ""text"": ""呪文威力アップの時間が15秒増加"", ""recommended"": false}, {""note"": null, ""text"": ""行動時3.0%で早詠みの杖"", ""recommended"": false}]","[{""note"": null, ""text"": ""行動時1.0%で早詠みの杖"", ""recommended"": false}, {""note"": null, ""text"": ""行動時2.0%で早詠みの杖"", ""recommended"": false}, {""note"": null, ""text"": ""行動時3.0%で早詠みの杖"", ""recommended"": true}, {""note"": null, ""text"": ""さいだいHP+1"", ""recommended"": false}, {""note"": null, ""text"": ""さいだいHP+2"", ""recommended"": true}]","[{""note"": null, ""text"": ""スライムジェネラルの討伐報酬""}, {""note"": null, ""text"": ""銀のフェザーチップ12枚""}, {""note"": null, ""text"": ""アスフェルド光章2個(1回のみ)""}, {""note"": null, ""text"": ""アスフェルド大光章2個(1回のみ)""}]",/storage/images/accessories/85-.webp,https://draquex.com/akuse/0-yubi.php,https://draquex.com/akuse/akuse-yubi-5.php,2026-03-12 13:00:54,2026-07-07 16:00:32
86,accessory_yubi_7,軍神のゆびわ,ぐんしんのゆびわ,War Hero's Ring,accessory,指アクセサリー,指,84,第三世代,,,,12,,8,,,,,,,攻撃力系の さまざまな効果が 付与された指輪,"[{""note"": null, ""text"": ""攻撃力アップの時間が20秒増加"", ""recommended"": false}, {""note"": null, ""text"": ""行動時12%でバイシオン"", ""recommended"": false}]","[{""note"": null, ""text"": ""死亡時5%で攻撃力上昇が残る"", ""recommended"": false}, {""note"": null, ""text"": ""死亡時8%で攻撃力上昇が残る"", ""recommended"": false}, {""note"": null, ""text"": ""死亡時10%で攻撃力上昇が残る"", ""recommended"": true}, {""note"": null, ""text"": ""開戦時60%でバイシオン"", ""recommended"": false}, {""note"": null, ""text"": ""開戦時80%でバイシオン"", ""recommended"": false}, {""note"": null, ""text"": ""開戦時100%でバイシオン"", ""recommended"": true}]","[{""note"": null, ""text"": ""コインボス「タイムマスター」の討伐報酬""}]",/storage/images/accessories/86-.webp,https://draquex.com/akuse/0-yubi.php,https://draquex.com/akuse/akuse-yubi-22.php,2026-03-12 13:00:56,2026-07-07 16:00:10
87,accessory_yubi_8,神智のゆびわ,しんちのゆびわ,Ring of Omnipotence,accessory,指アクセサリー,指,85,第三世代,,,,,,8,,,,,12,,攻撃魔力系の さまざまな効果が 付与された指輪,"[{""note"": null, ""text"": ""呪文威力アップの時間が20秒増加"", ""recommended"": false}, {""note"": null, ""text"": ""行動時12%で早詠みの杖"", ""recommended"": false}]","[{""note"": null, ""text"": ""死亡時5%で呪文威力上昇が残る"", ""recommended"": false}, {""note"": null, ""text"": ""死亡時8%で呪文威力上昇が残る"", ""recommended"": false}, {""note"": null, ""text"": ""死亡時10%で呪文威力上昇が残る"", ""recommended"": true}, {""note"": null, ""text"": ""死亡時5%で詠唱時間短縮が残る"", ""recommended"": false}, {""note"": null, ""text"": ""死亡時8%で詠唱時間短縮が残る"", ""recommended"": false}, {""note"": null, ""text"": ""死亡時10%で詠唱時間短縮が残る"", ""recommended"": true}, {""note"": null, ""text"": ""開戦時60%で早詠みの杖"", ""recommended"": false}, {""note"": null, ""text"": ""開戦時80%で早詠みの杖"", ""recommended"": false}, {""note"": null, ""text"": ""開戦時100%で早詠みの杖"", ""recommended"": true}]","[{""note"": null, ""text"": ""コインボス「タイムマスター」の討伐報酬""}]",/storage/images/accessories/87-.webp,https://draquex.com/akuse/0-yubi.php,https://draquex.com/akuse/akuse-yubi-23.php,2026-03-12 13:00:58,2026-07-07 16:00:58
88,accessory_yubi_9,ひらめきのゆびわ,ひらめきのゆびわ,Sorcerer's Stone,accessory,指アクセサリー,指,,,,,,,2,,2,4,,,,,最大MPが増え 戦闘後にMPを ちょっぴり回復,"[""戦闘勝利時にMPが1～3回復""]","[""戦闘勝利時にMP回復+1"", ""さいだいMP+1"", ""さいだいMP+2"", ""さいだいMP+3"", ""さいだいMP+4""]","[""小さなメダル30枚で交換""]",/storage/images/accessories/88-.webp,https://draquex.com/akuse/0-yubi.php,https://draquex.com/akuse/akuse-yubi-17.php,2026-03-12 13:01:00,2026-05-07 20:54:26
89,accessory_yubi_10,ソーサリーリング,そーさりーりんぐ,Sorcerer's Ring,accessory,指アクセサリー,指,,第一世代,,,,,2,,5,5,,,,,最大MPが増え 戦闘後にMPを 少し回復する指輪,"[{""note"": null, ""text"": ""戦闘勝利時にMPが3～5回復""}]","[{""note"": null, ""text"": ""戦闘勝利時にMP回復+1""}, {""note"": null, ""text"": ""さいだいMP+2""}, {""note"": null, ""text"": ""さいだいMP+3""}, {""note"": null, ""text"": ""さいだいMP+4""}]","[{""note"": null, ""text"": ""バズズの討伐報酬""}, {""note"": null, ""text"": ""銀のフェザーチップ4枚""}, {""note"": null, ""text"": ""すごろくの報酬""}]",/storage/images/accessories/89-.webp,https://draquex.com/akuse/0-yubi.php,https://draquex.com/akuse/akuse-yubi-1.php,2026-03-12 13:01:03,2026-05-07 20:54:26
90,accessory_yubi_11,ちからのゆびわ,ちからのゆびわ,Strength Ring,accessory,指アクセサリー,指,,,,,,2,2,,,2,,,,,攻撃力を高める 闘気の宿った 不思議な指輪,[],"[""こうげき力+1"", ""こうげき力+2"", ""こうげき力+3"", ""さいだいHP+1"", ""さいだいHP+2""]","[""じごくのドアボーイのレアドロ"", ""とうぞくこぞうのレアドロ"", ""トロルキングのレアドロ"", ""ボストロールのレアドロ""]",/storage/images/accessories/90-.webp,https://draquex.com/akuse/0-yubi.php,https://draquex.com/akuse/akuse-yubi-6.php,2026-03-12 13:01:05,2026-05-07 20:54:26
91,accessory_yubi_12,聖印のゆびわ,せいいんのゆびわ,Endure Ring,accessory,指アクセサリー,指,,,,,,,2,,,5,,,,,死の攻撃に強い 聖なるチカラを 宿した指輪,"[""即死ガード+50%""]","[""即死ガード+5%"", ""即死ガード+10%"", ""しゅび力+1"", ""しゅび力+2""]","[""しにがみきぞく・強のレアドロ"", ""シャドーノーブルのレアドロ"", ""ゼブラマンティスのレアドロ"", ""ツンドラキーのレアドロ"", ""とこよアゲハのレアドロ"", ""銀のフェザーチップ2枚"", ""すごろくの報酬""]",/storage/images/accessories/91-.webp,https://draquex.com/akuse/0-yubi.php,https://draquex.com/akuse/akuse-yubi-7.php,2026-03-12 13:01:07,2026-05-07 20:54:26
92,accessory_yubi_13,はくあいのゆびわ,はくあいのゆびわ,Care Ring,accessory,指アクセサリー,指,,,,,,,2,,5,5,,,,,最大MPが増え 特技封じや 魔封じに強い指輪,"[""封印ガード+50%""]","[""封印ガード+5%"", ""封印ガード+10%"", ""しゅび力+1"", ""しゅび力+2""]","[""キングエレファントのレアドロ"", ""スマイルリザードのレアドロ"", ""リトルライバーンのレアドロ"", ""銀のフェザーチップ2枚"", ""すごろくの報酬""]",/storage/images/accessories/92-.webp,https://draquex.com/akuse/0-yubi.php,https://draquex.com/akuse/akuse-yubi-8.php,2026-03-12 13:01:10,2026-05-07 20:54:26
93,accessory_yubi_14,めざましリング,めざましりんぐ,Rousing Ring,accessory,指アクセサリー,指,,,,,,,2,,,3,,,,,ねむりの攻撃に 強くなる 不思議な指輪,"[""眠りガード+50%""]","[""眠りガード+5%"", ""眠りガード+10%"", ""しゅび力+1"", ""しゅび力+2""]","[""おばけキノコのレアドロ"", ""ゴールデンコーンのレアドロ"", ""サンダーフロッグのレアドロ"", ""デスマーキュリーのレアドロ"", ""銀のフェザーチップ2枚"", ""すごろくの報酬""]",/storage/images/accessories/93-.webp,https://draquex.com/akuse/0-yubi.php,https://draquex.com/akuse/akuse-yubi-9.php,2026-03-12 13:01:12,2026-05-07 20:54:26
94,accessory_yubi_15,破毒のリング,はどくのりんぐ,Ring of Immunity,accessory,指アクセサリー,指,,,,,,,2,,,3,,,,,毒の攻撃に 強くなる へびを模した指輪,"[""どくガード+50%""]","[""毒＆猛毒ガード+5%"", ""毒＆猛毒ガード+10%"", ""しゅび力+1"", ""しゅび力+2""]","[""スカラベキングのレアドロ"", ""ヒョウモンダークのレアドロ"", ""銀のフェザーチップ2枚"", ""すごろくの報酬""]",/storage/images/accessories/94-.webp,https://draquex.com/akuse/0-yubi.php,https://draquex.com/akuse/akuse-yubi-10.php,2026-03-12 13:01:14,2026-05-07 20:54:26
95,accessory_yubi_16,理性のリング,りせいのりんぐ,Ring of Clarity,accessory,指アクセサリー,指,,,,,,,2,,,3,,,,,混乱の攻撃に 強くなる 魔法の指輪,"[""混乱ガード+50%""]","[""混乱ガード+5%"", ""混乱ガード+10%"", ""しゅび力+1"", ""しゅび力+2""]","[""アルケミストンのレアドロ"", ""ドルイドのレアドロ"", ""マッドレインボーのレアドロ"", ""よろいのきしのレアドロ"", ""銀のフェザーチップ2枚"", ""すごろくの報酬""]",/storage/images/accessories/95-.webp,https://draquex.com/akuse/0-yubi.php,https://draquex.com/akuse/akuse-yubi-11.php,2026-03-12 13:01:17,2026-05-07 20:54:26
96,accessory_yubi_17,破幻のリング,はげんのりんぐ,Ring of Truth,accessory,指アクセサリー,指,,,,,,,2,,,3,,,,,幻惑の攻撃に 強くなる 奇妙な装飾の指輪,"[""幻惑ガード+50％""]","[""幻惑ガード+5%"", ""幻惑ガード+10%"", ""しゅび力+1"", ""しゅび力+2""]","[""エビルホークのレアドロ"", ""スーパーテンツクのレアドロ"", ""ダークプラネットのレアドロ"", ""デザートデーモンのレアドロ"", ""プロメテモスのレアドロ"", ""モテモテのレアドロ"", ""銀のフェザーチップ2枚"", ""すごろくの報酬""]",/storage/images/accessories/96-.webp,https://draquex.com/akuse/0-yubi.php,https://draquex.com/akuse/akuse-yubi-12.php,2026-03-12 13:01:19,2026-05-07 20:54:26
97,accessory_yubi_18,破呪のリング,はじゅのりんぐ,Ring of Riddance,accessory,指アクセサリー,指,,,,,,,2,,,3,,,,,呪いの攻撃に 強くなる 聖なる指輪,"[""呪いガード+50%""]","[""呪いガード+5%"", ""呪いガード10%"", ""しゅび力+1"", ""しゅび力+2""]","[""アスラ王のレアドロ"", ""ダークシルフのレアドロ"", ""ブロンドボーイのレアドロ"", ""ろうごくのぬしのレアドロ"", ""銀のフェザーチップ2枚"", ""すごろくの報酬""]",/storage/images/accessories/97-.webp,https://draquex.com/akuse/0-yubi.php,https://draquex.com/akuse/akuse-yubi-13.php,2026-03-12 13:01:21,2026-05-07 20:54:26
98,accessory_yubi_19,まんげつリング,まんげつりんぐ,Full Moon Ring,accessory,指アクセサリー,指,,,,,,,2,,,3,,,,,マヒの攻撃に 強くなる 清らかな指輪,"[""マヒガード+50%""]","[""マヒガード+5%"", ""マヒガード+10%"", ""しゅび力+1"", ""しゅび力+2""]","[""なげきムーンのレアドロ"", ""ヘルゴーストのレアドロ"", ""ムーンキメラのレアドロ"", ""銀のフェザーチップ2枚"", ""すごろくの報酬""]",/storage/images/accessories/98-.webp,https://draquex.com/akuse/0-yubi.php,https://draquex.com/akuse/akuse-yubi-14.php,2026-03-12 13:01:23,2026-05-07 20:54:26
99,accessory_yubi_20,はやてのリング,はやてのりんぐ,Agility Ring,accessory,指アクセサリー,指,,,,,,,2,,,4,6,,,,すばやさを高める 鳥をかたどった 魔法の指輪,[],"[""しゅび力+1"", ""しゅび力+2"", ""すばやさ+1"", ""すばやさ+2"", ""すばやさ+3""]","[""ベルフェゴルのレアドロ""]",/storage/images/accessories/99-.webp,https://draquex.com/akuse/0-yubi.php,https://draquex.com/akuse/akuse-yubi-15.php,2026-03-12 13:01:25,2026-05-07 20:54:26
100,accessory_yubi_21,ピンクパールリング,ぴんくぱーるりんぐ,Pink Pearl Ring,accessory,指アクセサリー,指,,,,,,,2,,2,5,,,,,最大MPを高める ピンクの真珠を あしらった指輪,[],"[""さいだいMP+1"", ""さいだいMP+2"", ""しゅび力+1"", ""しゅび力+2"", ""おしゃれさ+3"", ""おしゃれさ+5""]","[""ウィッチネイルのレアドロ"", ""ピンクボンボンのレアドロ"", ""ももいろ三姉妹のレアドロ""]",/storage/images/accessories/100-.webp,https://draquex.com/akuse/0-yubi.php,https://draquex.com/akuse/akuse-yubi-16.php,2026-03-12 13:01:27,2026-05-07 20:54:26
101,accessory_yubi_22,きんのゆびわ,きんのゆびわ,Gold Ring,accessory,指アクセサリー,指,,,,,,,2,,,2,,,,,守備力を高める 黄金の指輪,[],"[""おもさ+1"", ""しゅび力+1"", ""すばやさ+1"", ""きようさ+1"", ""おしゃれさ+1""]","[""ゴールドオークのレアドロ"", ""ごろつきのレアドロ"", ""ひとくいばこのレアドロ"", ""ヴェリのアクセ屋4000G""]",/storage/images/accessories/101-.webp,https://draquex.com/akuse/0-yubi.php,https://draquex.com/akuse/akuse-yubi-18.php,2026-03-12 13:01:29,2026-05-07 20:54:26
102,accessory_yubi_23,ゴージャスなゆびわ,ごーじゃすなゆびわ,Gorgeous Ring,accessory,指アクセサリー,指,,,,,,,4,,2,4,,,,,宝石をふんだんに あしらった ド派手な指輪,[],"[""合成できない""]","[""ヴェリのアクセ屋5000G""]",/storage/images/accessories/102-.webp,https://draquex.com/akuse/0-yubi.php,https://draquex.com/akuse/akuse-yubi-20.php,2026-03-12 13:01:31,2026-05-07 20:54:26
103,accessory_mune_1,アヌビスのブローチ,あぬびすのぶろーち,Anubis' Brooch,accessory,胸アクセサリー,胸,,,,,,,,8,8,2,,,,,最大HPと 最大MPがあがる 冥界神のブローチ,[],"[{""note"": null, ""text"": ""さいだいHP+3"", ""recommended"": false}, {""note"": null, ""text"": ""さいだいHP+4"", ""recommended"": true}, {""note"": null, ""text"": ""さいだいMP+3"", ""recommended"": false}, {""note"": null, ""text"": ""さいだいMP+4"", ""recommended"": true}]","[{""note"": null, ""text"": ""ピラミッドで入手""}]",/storage/images/accessories/103-.webp,https://draquex.com/akuse/0-mune.php,https://draquex.com/akuse/akuse-mune-1.php,2026-03-12 13:02:20,2026-07-07 16:01:25
104,accessory_mune_2,セトのブローチ,せとのぶろーち,Set's Brooch,accessory,胸アクセサリー,胸,,第一世代,,,,5,,,8,2,,,,,攻撃力と 最大MPがあがる 嵐神のブローチ,[],"[{""note"": null, ""text"": ""さいだいMP+3"", ""recommended"": false}, {""note"": null, ""text"": ""さいだいMP+4"", ""recommended"": false}, {""note"": null, ""text"": ""こうげき力+2"", ""recommended"": false}, {""note"": null, ""text"": ""こうげき力+3"", ""recommended"": true}]","[{""note"": null, ""text"": ""ピラミッドで入手""}]",/storage/images/accessories/104-.webp,https://draquex.com/akuse/0-mune.php,https://draquex.com/akuse/akuse-mune-2.php,2026-03-12 13:02:21,2026-07-07 16:02:17
105,accessory_mune_3,セルケトのブローチ,せるけとのぶろーち,Serket's Brooch,accessory,胸アクセサリー,胸,,第一世代,,,,,,6,,2,,,10,,攻撃魔力と 最大HPがあがる 虫神のブローチ,[],"[{""note"": null, ""text"": ""さいだいHP+2"", ""recommended"": false}, {""note"": null, ""text"": ""さいだいHP+3"", ""recommended"": false}, {""note"": null, ""text"": ""こうげき魔力+4"", ""recommended"": false}, {""note"": null, ""text"": ""こうげき魔力+5"", ""recommended"": true}]","[{""note"": null, ""text"": ""ピラミッドで入手""}]",/storage/images/accessories/105-.webp,https://draquex.com/akuse/0-mune.php,https://draquex.com/akuse/akuse-mune-3.php,2026-03-12 13:02:24,2026-07-07 16:02:53
106,accessory_mune_4,イシスのブローチ,いしすのぶろーち,Isis' Brooch,accessory,胸アクセサリー,胸,,第一世代,,,,,,6,,2,,,,10,回復魔力と 最大HPがあがる 母神のブローチ,[],"[{""note"": null, ""text"": ""さいだいHP+2"", ""recommended"": false}, {""note"": null, ""text"": ""さいだいHP+3"", ""recommended"": false}, {""note"": null, ""text"": ""かいふく魔力+4"", ""recommended"": false}, {""note"": null, ""text"": ""かいふく魔力+5"", ""recommended"": true}]","[{""note"": null, ""text"": ""ピラミッドで入手""}]",/storage/images/accessories/106-.webp,https://draquex.com/akuse/0-mune.php,https://draquex.com/akuse/akuse-mune-4.php,2026-03-12 13:02:26,2026-07-07 16:03:22
107,accessory_mune_5,オシリスのブローチ,おしりすのぶろーち,Osiris' Brooch,accessory,胸アクセサリー,胸,,第一世代,,,4,,,,6,2,,,,,おもさと 最大MPがあがる 王神のブローチ,[],"[{""note"": null, ""text"": ""さいだいMP+2"", ""recommended"": false}, {""note"": null, ""text"": ""さいだいMP+3"", ""recommended"": false}, {""note"": null, ""text"": ""しゅび力+3"", ""recommended"": false}, {""note"": null, ""text"": ""おもさ+2"", ""recommended"": true}]","[{""note"": null, ""text"": ""ピラミッドで入手""}]",/storage/images/accessories/107-.webp,https://draquex.com/akuse/0-mune.php,https://draquex.com/akuse/akuse-mune-5.php,2026-03-12 13:02:28,2026-07-07 16:03:52
108,accessory_mune_6,バステトのブローチ,ばすてとのぶろーち,Bastet's Brooch,accessory,胸アクセサリー,胸,,第一世代,,,,,,4,4,8,,,,,おしゃれさと HPMPがあがる 猫神のブローチ,[],"[{""note"": null, ""text"": ""さいだいHP+2"", ""recommended"": false}, {""note"": null, ""text"": ""さいだいMP+2"", ""recommended"": false}, {""note"": null, ""text"": ""おしゃれさ+3"", ""recommended"": false}, {""note"": null, ""text"": ""おしゃれさ+4"", ""recommended"": true}]","[{""note"": null, ""text"": ""ピラミッドで入手""}]",/storage/images/accessories/108-.webp,https://draquex.com/akuse/0-mune.php,https://draquex.com/akuse/akuse-mune-6.php,2026-03-12 13:02:30,2026-07-07 16:05:03
109,accessory_mune_7,アヌビスのアンク,あぬびすのあんく,Anubis' Ankh,accessory,胸アクセサリー,胸,103,第一伝承,,,,,,10,10,2,,,,,最大HPと 最大MPがあがる 冥界神のアンク,[],"[{""note"": null, ""text"": ""さいだいHP+3"", ""recommended"": false}, {""note"": null, ""text"": ""さいだいHP+4"", ""recommended"": true}, {""note"": null, ""text"": ""さいだいMP+3"", ""recommended"": false}, {""note"": null, ""text"": ""さいだいMP+4"", ""recommended"": true}]","[{""note"": null, ""text"": ""ピラミッドで入手""}]",/storage/images/accessories/109-.webp,https://draquex.com/akuse/0-mune.php,https://draquex.com/akuse/akuse-mune-7.php,2026-03-12 13:02:32,2026-07-07 16:01:32
110,accessory_mune_8,セトのアンク,せとのあんく,Set's Ankh,accessory,胸アクセサリー,胸,104,第二世代,,,,7,,,8,2,,,,,攻撃力と 最大MPがあがる 嵐神のアンク,[],"[{""note"": null, ""text"": ""さいだいMP+3"", ""recommended"": false}, {""note"": null, ""text"": ""さいだいMP+4"", ""recommended"": false}, {""note"": null, ""text"": ""こうげき力+2"", ""recommended"": false}, {""note"": null, ""text"": ""こうげき力+3"", ""recommended"": true}]","[{""note"": null, ""text"": ""ピラミッドで入手""}]",/storage/images/accessories/110-.webp,https://draquex.com/akuse/0-mune.php,https://draquex.com/akuse/akuse-mune-8.php,2026-03-12 13:02:34,2026-07-07 16:02:30
111,accessory_mune_9,セルケトのアンク,せるけとのあんく,Serket's Ankh,accessory,胸アクセサリー,胸,105,第二世代,,,,,,6,,2,,,13,,攻撃魔力と 最大HPがあがる 虫神のアンク,[],"[{""note"": null, ""text"": ""さいだいHP+2"", ""recommended"": false}, {""note"": null, ""text"": ""さいだいHP+3"", ""recommended"": false}, {""note"": null, ""text"": ""こうげき魔力+4"", ""recommended"": false}, {""note"": null, ""text"": ""こうげき魔力+5"", ""recommended"": true}]","[{""note"": null, ""text"": ""ピラミッドで入手""}]",/storage/images/accessories/111-.webp,https://draquex.com/akuse/0-mune.php,https://draquex.com/akuse/akuse-mune-9.php,2026-03-12 13:02:36,2026-07-07 16:03:07
112,accessory_mune_10,イシスのアンク,いしすのあんく,Isis' Ankh,accessory,胸アクセサリー,胸,106,第二世代,,,,,,6,,2,,,,13,回復魔力と 最大HPがあがる 母神のアンク,[],"[{""note"": null, ""text"": ""さいだいHP+2"", ""recommended"": false}, {""note"": null, ""text"": ""さいだいHP+3"", ""recommended"": false}, {""note"": null, ""text"": ""かいふく魔力+4"", ""recommended"": false}, {""note"": null, ""text"": ""かいふく魔力+5"", ""recommended"": true}]","[{""note"": null, ""text"": ""ピラミッドで入手""}]",/storage/images/accessories/112-.webp,https://draquex.com/akuse/0-mune.php,https://draquex.com/akuse/akuse-mune-10.php,2026-03-12 13:02:39,2026-07-07 16:03:34
113,accessory_mune_11,オシリスのアンク,おしりすのあんく,Osiris' Ankh,accessory,胸アクセサリー,胸,107,第二世代,,,8,,,,6,2,,,,,おもさと 最大MPがあがる 王神のアンク,[],"[{""note"": null, ""text"": ""さいだいMP+2"", ""recommended"": false}, {""note"": null, ""text"": ""さいだいMP+3"", ""recommended"": false}, {""note"": null, ""text"": ""しゅび力+3"", ""recommended"": false}, {""note"": null, ""text"": ""おもさ+2"", ""recommended"": true}]","[{""note"": null, ""text"": ""ピラミッドで入手""}]",/storage/images/accessories/113-.webp,https://draquex.com/akuse/0-mune.php,https://draquex.com/akuse/akuse-mune-11.php,2026-03-12 13:02:42,2026-07-07 16:04:05
114,accessory_mune_12,バステトのアンク,ばすてとのあんく,Bastet's Ankh,accessory,胸アクセサリー,胸,108,第二世代,,,,,,6,6,14,,,,,おしゃれさと HPMPがあがる 猫神のアンク,[],"[{""note"": null, ""text"": ""さいだいHP+2"", ""recommended"": false}, {""note"": null, ""text"": ""さいだいMP+2"", ""recommended"": false}, {""note"": null, ""text"": ""おしゃれさ+3"", ""recommended"": false}, {""note"": null, ""text"": ""おしゃれさ+4"", ""recommended"": true}]","[{""note"": null, ""text"": ""ピラミッドで入手""}]",/storage/images/accessories/114-.webp,https://draquex.com/akuse/0-mune.php,https://draquex.com/akuse/akuse-mune-12.php,2026-03-12 13:02:44,2026-07-07 16:05:14
115,accessory_koshi_1,ハイドラベルト,はいどらべると,Loin-Girder,accessory,腰アクセサリー,腰,,第一世代,,,15,,,10,,1,,,,,ずっしりと重い 五つ首の怪物を 模したベルト,"[{""note"": null, ""text"": ""開戦時50％でヘヴィチャージ"", ""recommended"": false}]","[{""note"": null, ""text"": ""さいだいHP+2"", ""recommended"": false}, {""note"": null, ""text"": ""さいだいHP+3"", ""recommended"": true}, {""note"": null, ""text"": ""おもさ+3"", ""recommended"": false}, {""note"": null, ""text"": ""おもさ+4"", ""recommended"": true}]","[{""note"": null, ""text"": ""キングヒドラの討伐報酬""}, {""note"": null, ""text"": ""銀のフェザーチップ4枚""}, {""note"": null, ""text"": ""すごろくの報酬""}]",/storage/images/accessories/115-.webp,https://draquex.com/akuse/0-kosi.php,https://draquex.com/akuse/akuse-kosi-1.php,2026-03-12 13:03:36,2026-07-15 06:56:59
116,accessory_koshi_2,剛勇のベルト,ごうゆうのべると,Bravery Belt,accessory,腰アクセサリー,腰,115,第二世代,,,23,,,16,,1,,,,,ヘヴィチャージが かかりやすい 超重量級ベルト,"[{""note"": null, ""text"": ""開戦時50%でヘヴィチャージ"", ""recommended"": false}, {""note"": null, ""text"": ""開戦時10%天使の守り(試合無効)"", ""recommended"": false}]","[{""note"": null, ""text"": ""さいだいHP+1"", ""recommended"": false}, {""note"": null, ""text"": ""さいだいHP+2"", ""recommended"": false}, {""note"": null, ""text"": ""さいだいHP+3"", ""recommended"": true}, {""note"": null, ""text"": ""こうげき力+2"", ""recommended"": false}, {""note"": null, ""text"": ""こうげき力+3"", ""recommended"": false}, {""note"": null, ""text"": ""こうげき力+4"", ""recommended"": false}, {""note"": null, ""text"": ""おもさ+1"", ""recommended"": false}, {""note"": null, ""text"": ""おもさ+2"", ""recommended"": false}, {""note"": null, ""text"": ""おもさ+3"", ""recommended"": true}, {""note"": null, ""text"": ""開戦時20%でヘヴィチャージ"", ""recommended"": false}, {""note"": null, ""text"": ""開戦時25％でヘヴィチャージ"", ""recommended"": true}, {""note"": null, ""text"": ""開戦時5％で天使の守り"", ""recommended"": false}, {""note"": null, ""text"": ""開戦時7％で天使の守り"", ""recommended"": false}]","[{""note"": null, ""text"": ""ゴレオン将軍の討伐報酬""}]",/storage/images/accessories/116-.webp,https://draquex.com/akuse/0-kosi.php,https://draquex.com/akuse/akuse-kosi-6.php,2026-03-12 13:03:38,2026-07-15 06:57:21
117,accessory_koshi_3,輝石のベルト,きせきのべると,Augite Belt,accessory,腰アクセサリー,腰,,,,,,,,,,3,,,,,とりどりの宝石が さまざまな効果を 生み出すベルト,"[""様々な効果がランダムで付いています""]","[""合成できない""]","[""王家の迷宮でうつしよの箱から出る""]",/storage/images/accessories/117-.webp,https://draquex.com/akuse/0-kosi.php,https://draquex.com/akuse/akuse-kosi-2.php,2026-03-12 13:03:41,2026-05-07 20:54:26
118,accessory_koshi_4,戦神のベルト,せんじんのべると,War Deity Belt,accessory,腰アクセサリー,腰,,,,,,,,,,,,,,,荒ぶる戦神の ちからを秘めた 恐るべきベルト,"[""いろいろ""]","[""合成できない""]","[""邪神の宮殿のクリア報酬""]",/storage/images/accessories/118-.webp,https://draquex.com/akuse/0-kosi.php,https://draquex.com/akuse/akuse-kosi-3.php,2026-03-12 13:03:43,2026-05-07 20:54:26
119,accessory_koshi_5,隠者のベルト,いんじゃのべると,Hermit's Belt,accessory,腰アクセサリー,腰,,,,,,,,,,,,,,,気配を絶ち 不意をつく確率を 高めるベルト,"[""不意をつく確率+2%""]","[""不意をつく確率+1%"", ""さいだいHP+1"", ""さいだいHP+2"", ""さいだいMP+1"", ""さいだいMP+2"", ""しゅび力+1"", ""しゅび力+2""]","[""パンドラチェストのレアドロ""]",/storage/images/accessories/119-.webp,https://draquex.com/akuse/0-kosi.php,https://draquex.com/akuse/akuse-kosi-4.php,2026-03-12 13:03:45,2026-05-07 20:54:26
120,accessory_koshi_6,おしゃれなベルト,おしゃれなべると,Bling-Bling Belt,accessory,腰アクセサリー,腰,,,,,,,,,,,,,,,おしゃれさが 少し上がる 趣味のよいベルト,"[""なし""]","[""しゅび力+1"", ""すばやさ+1"", ""きようさ+1"", ""おしゃれさ+1"", ""おしゃれさ+2""]","[""プリーストナイトのレアドロ""]",/storage/images/accessories/120-.webp,https://draquex.com/akuse/0-kosi.php,https://draquex.com/akuse/akuse-kosi-5.php,2026-03-12 13:03:48,2026-05-07 20:54:26
121,accessory_fuda_1,しんぴのカード,しんぴのかーど,Ace of Spoils,accessory,札アクセサリー,札,,,,,,,,,,2,,,,,パラメーター上昇の 効果が合成で付く 不思議なカード,[],"[""さいだいHP+2"", ""さいだいHP+4"", ""さいだいMP+2"", ""さいだいMP+4"", ""こうげき力+1"", ""こうげき力+2"", ""しゅび力+2"", ""しゅび力+4"", ""すばやさ+2"", ""すばやさ+4"", ""きようさ+2"", ""きようさ+4"", ""おしゃれさ+2"", ""おしゃれさ+4"", ""おもさ+1"", ""おもさ+2"", ""こうげき魔力+2"", ""こうげき魔力+4"", ""かいふく魔力+2"", ""かいふく魔力+4""]","[""カジノの景品(3000枚)""]",/storage/images/accessories/121-.webp,https://draquex.com/akuse/0-fuda.php,https://draquex.com/akuse/akuse-fuda-1.php,2026-03-12 13:04:42,2026-05-07 20:54:26
122,accessory_fuda_2,不思議のカード,ふしぎのかーど,Ace of Wonders,accessory,札アクセサリー,札,,,,,,,,,,,,,,,大中小の魔法円が さまざまな効果を 生み出すカード,"[""-""]","[""さいだいHP+23"", ""さいだいMP+23"", ""こうげき力+13"", ""しゅび力+23"", ""すばやさ+23"", ""きようさ+23"", ""おしゃれ+23"", ""おもさ+13"", ""こうげき魔力+23"", ""かいふく魔力+23""]","[""不思議の魔塔でもらう""]",/storage/images/accessories/122-.webp,https://draquex.com/akuse/0-fuda.php,https://draquex.com/akuse/akuse-fuda-2.php,2026-03-12 13:04:45,2026-05-07 20:54:26
123,accessory_hoka_1,大地の竜玉,だいちのりゅうぎょく,Earthwyrm's Eye,accessory,他アクセサリー,他,,第一世代,,,,,5,25,,8,,,,,大地の力を秘めた 最大HPを高める ドラゴンの宝玉,[],"[{""note"": null, ""text"": ""さいだいHP+3"", ""recommended"": false}, {""note"": null, ""text"": ""さいだいHP+4"", ""recommended"": false}, {""note"": null, ""text"": ""さいだいHP+5"", ""recommended"": true}]","[{""note"": null, ""text"": ""ドラゴンガイアの討伐報酬""}, {""note"": null, ""text"": ""銀のフェザーチップ4枚""}, {""note"": null, ""text"": ""すごろくの報酬""}]",/storage/images/accessories/123-.webp,https://draquex.com/akuse/0-hoka.php,https://draquex.com/akuse/akuse-hoka-1.php,2026-03-12 13:05:46,2026-07-07 16:09:01
124,accessory_hoka_2,大地の大竜玉,だいちのだいりゅうぎょく,Earthwyrm's Jewel,accessory,他アクセサリー,他,123,第二世代,,,,,8,30,,8,,,,,土竜族に伝わる 最大HPが高まる 門外不出の秘宝,[],"[{""note"": null, ""text"": ""さいだいHP+3"", ""recommended"": false}, {""note"": null, ""text"": ""さいだいHP+4"", ""recommended"": false}, {""note"": null, ""text"": ""さいだいHP+5"", ""recommended"": true}]","[{""note"": null, ""text"": ""ドン・モグーラの討伐報酬""}, {""note"": null, ""text"": ""銀のフェザーチップ12枚""}, {""note"": null, ""text"": ""アスフェルド光章20個""}, {""note"": null, ""text"": ""すごろくの報酬""}]",/storage/images/accessories/124-.webp,https://draquex.com/akuse/0-hoka.php,https://draquex.com/akuse/akuse-hoka-2.php,2026-03-12 13:05:48,2026-07-07 16:09:12
125,accessory_hoka_3,紫竜の煌玉,しりゅうのこうぎょく,Dragonic Orb,accessory,他アクセサリー,他,124,第三世代,,,,,12,50,,8,,,,,最大HPが 大きく高まる 竜たちの至宝,[],"[{""note"": null, ""text"": ""さいだいHP+1"", ""recommended"": false}, {""note"": null, ""text"": ""さいだいHP+2"", ""recommended"": false}, {""note"": null, ""text"": ""さいだいHP+3"", ""recommended"": false}, {""note"": null, ""text"": ""さいだいHP+4"", ""recommended"": false}, {""note"": null, ""text"": ""さいだいHP+5"", ""recommended"": true}]","[{""note"": null, ""text"": ""アンドレアルの討伐報酬""}]",/storage/images/accessories/125-.webp,https://draquex.com/akuse/0-hoka.php,https://draquex.com/akuse/akuse-hoka-14.php,2026-03-12 13:05:50,2026-07-07 16:09:17
126,accessory_hoka_4,幸運のおまもり,こううんのおまもり,Good Luck Charm,accessory,他アクセサリー,他,,,,,,,,,,2,,,,,幸運をよびよせ レアドロップ率を 高めるおまもり,"[""レアドロップ率1.1倍""]","[""レアドロップ率1.1倍"", ""きようさ+1""]","[""カジノの景品(30万枚)"", ""おみくじボックス(超大吉)"", ""すごろくの報酬""]",/storage/images/accessories/126-.webp,https://draquex.com/akuse/0-hoka.php,https://draquex.com/akuse/akuse-hoka-13.php,2026-03-12 13:05:52,2026-05-07 20:54:26
127,accessory_hoka_5,ビーナスのなみだ,びーなすのなみだ,Venus' Tear,accessory,他アクセサリー,他,,第一世代,,,,,2,,,25,,,,,風や雷の 攻撃に強くなる 青く美しい宝石,"[{""note"": null, ""text"": ""風ダメージ20%減"", ""recommended"": false}, {""note"": null, ""text"": ""雷ダメージ20%減"", ""recommended"": false}]","[{""note"": null, ""text"": ""風ダメージ3%減"", ""recommended"": false}, {""note"": null, ""text"": ""雷ダメージ3%減"", ""recommended"": false}, {""note"": null, ""text"": ""さいだいHP+2"", ""recommended"": false}, {""note"": null, ""text"": ""おしゃれさ+4"", ""recommended"": false}]","[{""note"": null, ""text"": ""アモデウスのレアドロ""}, {""note"": null, ""text"": ""カーディナルナイトのレアドロ""}, {""note"": null, ""text"": ""ジラフシスターのレアドロ""}, {""note"": null, ""text"": ""銀のフェザーチップ2枚""}, {""note"": null, ""text"": ""すごろくの報酬""}]",/storage/images/accessories/127-.webp,https://draquex.com/akuse/0-hoka.php,https://draquex.com/akuse/akuse-hoka-6.php,2026-03-12 13:05:54,2026-07-07 16:07:56
128,accessory_hoka_6,風雷のいんろう,ふうらいのいんろう,Thunderstorm Inro,accessory,他アクセサリー,他,127,第二世代,,,,,5,,,35,,,,,風や雷の 攻撃に強くなる 古風ないんろう,"[{""note"": null, ""text"": ""風ダメージ26%減"", ""recommended"": false}, {""note"": null, ""text"": ""雷ダメージ26%減"", ""recommended"": false}]","[{""note"": null, ""text"": ""HPとすばやさ+3"", ""recommended"": false}, {""note"": null, ""text"": ""HPとすばやさ+4"", ""recommended"": false}, {""note"": null, ""text"": ""HPときようさ+3"", ""recommended"": false}, {""note"": null, ""text"": ""HPときようさ+4"", ""recommended"": false}, {""note"": null, ""text"": ""HPとおもさ+2"", ""recommended"": false}, {""note"": null, ""text"": ""HPとおもさ+3"", ""recommended"": false}, {""note"": null, ""text"": ""こうげき力+2"", ""recommended"": false}, {""note"": null, ""text"": ""こうげき力+3"", ""recommended"": false}, {""note"": null, ""text"": ""すばやさときようさ+4"", ""recommended"": false}, {""note"": null, ""text"": ""すばやさときようさ+5"", ""recommended"": false}]","[{""note"": null, ""text"": ""輪王ザルトラの討伐報酬""}, {""note"": null, ""text"": ""銀のフェザーチップ12枚""}, {""note"": null, ""text"": ""アスフェルド光章2個(1回のみ)""}, {""note"": null, ""text"": ""アスフェルド大光章2個(1回のみ)""}, {""note"": null, ""text"": ""すごろくの報酬""}]",/storage/images/accessories/128-.webp,https://draquex.com/akuse/0-hoka.php,https://draquex.com/akuse/akuse-hoka-3.php,2026-03-12 13:05:57,2026-07-07 16:08:07
129,accessory_hoka_7,竜のおまもり,りゅうのおまもり,Lucky Dragon's Wing,accessory,他アクセサリー,他,,第一世代,,,,,5,,,8,,,,,炎や光の攻撃に 強くなる 武骨なお守り,"[{""note"": null, ""text"": ""炎ダメージ20%減"", ""recommended"": false}, {""note"": null, ""text"": ""光ダメージ20%減"", ""recommended"": false}]","[{""note"": null, ""text"": ""炎ダメージ3%減"", ""recommended"": false}, {""note"": null, ""text"": ""光ダメージ3%減"", ""recommended"": false}, {""note"": null, ""text"": ""さいだいHP+2"", ""recommended"": false}, {""note"": null, ""text"": ""おしゃれさ+4"", ""recommended"": false}]","[{""note"": null, ""text"": ""アックスドラゴンのレアドロ""}, {""note"": null, ""text"": ""ガメゴンレジェンドのレアドロ""}, {""note"": null, ""text"": ""ドラゴメタルのレアドロ""}, {""note"": null, ""text"": ""ファンキードラゴのレアドロ""}, {""note"": null, ""text"": ""銀のフェザーチップ2枚""}, {""note"": null, ""text"": ""すごろくの報酬""}]",/storage/images/accessories/129-.webp,https://draquex.com/akuse/0-hoka.php,https://draquex.com/akuse/akuse-hoka-7.php,2026-03-12 13:05:59,2026-07-07 16:08:23
130,accessory_hoka_8,炎光の勾玉,えんこうのまがたま,Firelight Jewel,accessory,他アクセサリー,他,129,第二世代,,,,,5,,,35,,,,,炎や光の攻撃に 強くなる 守りの勾玉,"[{""note"": null, ""text"": ""炎ダメージ26%減"", ""recommended"": false}, {""note"": null, ""text"": ""光ダメージ26%減"", ""recommended"": false}]","[{""note"": null, ""text"": ""HPとすばやさ+3"", ""recommended"": false}, {""note"": null, ""text"": ""HPとすばやさ+4"", ""recommended"": false}, {""note"": null, ""text"": ""HPときようさ+3"", ""recommended"": false}, {""note"": null, ""text"": ""HPときようさ+4"", ""recommended"": false}, {""note"": null, ""text"": ""HPとおもさ+2"", ""recommended"": false}, {""note"": null, ""text"": ""HPとおもさ+3"", ""recommended"": false}, {""note"": null, ""text"": ""こうげき力+2"", ""recommended"": false}, {""note"": null, ""text"": ""こうげき力+3"", ""recommended"": false}, {""note"": null, ""text"": ""すばやさときようさ+4"", ""recommended"": false}, {""note"": null, ""text"": ""すばやさときようさ+5"", ""recommended"": false}]","[{""note"": null, ""text"": ""震王ジュノーガの討伐報酬""}, {""note"": null, ""text"": ""銀のフェザーチップ12枚""}, {""note"": null, ""text"": ""アスフェルド光章2個(1回のみ)""}, {""note"": null, ""text"": ""アスフェルド大光章2個(1回のみ)""}, {""note"": null, ""text"": ""すごろくの報酬""}]",/storage/images/accessories/130-.webp,https://draquex.com/akuse/0-hoka.php,https://draquex.com/akuse/akuse-hoka-4.php,2026-03-12 13:06:02,2026-07-07 16:08:35
131,accessory_hoka_9,ロイヤルチャーム,ろいやるちゃーむ,Sovereign Seal,accessory,他アクセサリー,他,,第一世代,,,,,3,,,10,,,,,氷や闇の攻撃に 強くなる 由緒あるチャーム,"[{""note"": null, ""text"": ""氷ダメージ20%減"", ""recommended"": false}, {""note"": null, ""text"": ""闇ダメージ20%減"", ""recommended"": false}]","[{""note"": null, ""text"": ""氷ダメージ3%減"", ""recommended"": false}, {""note"": null, ""text"": ""闇ダメージ3%減"", ""recommended"": false}, {""note"": null, ""text"": ""さいだいHP+2"", ""recommended"": false}, {""note"": null, ""text"": ""おしゃれさ+4"", ""recommended"": false}]","[{""note"": null, ""text"": ""しにがみのきしのレアドロ""}, {""note"": null, ""text"": ""シュバルツシュルトのレアドロ""}, {""note"": null, ""text"": ""ブリザードマンのレアドロ""}, {""note"": null, ""text"": ""銀のフェザーチップ2枚""}, {""note"": null, ""text"": ""すごろくの報酬""}]",/storage/images/accessories/131-.webp,https://draquex.com/akuse/0-hoka.php,https://draquex.com/akuse/akuse-hoka-8.php,2026-03-12 13:06:08,2026-07-07 16:07:07
132,accessory_hoka_10,氷闇の月飾り,ひょうあんのつきかざり,Icy Dark Moon,accessory,他アクセサリー,他,131,第二世代,,,,,5,,,35,,,,,氷や闇の 攻撃に強くなる 神秘的な月飾り,"[{""note"": null, ""text"": ""氷ダメージ26%減"", ""recommended"": false}, {""note"": null, ""text"": ""闇ダメージ26%減"", ""recommended"": false}]","[{""note"": null, ""text"": ""HPとすばやさ+3"", ""recommended"": false}, {""note"": null, ""text"": ""HPとすばやさ+4"", ""recommended"": false}, {""note"": null, ""text"": ""HPときようさ+3"", ""recommended"": false}, {""note"": null, ""text"": ""HPときようさ+4"", ""recommended"": false}, {""note"": null, ""text"": ""HPとおもさ+2"", ""recommended"": false}, {""note"": null, ""text"": ""HPとおもさ+3"", ""recommended"": false}, {""note"": null, ""text"": ""こうげき力+2"", ""recommended"": false}, {""note"": null, ""text"": ""こうげき力+3"", ""recommended"": false}, {""note"": null, ""text"": ""すばやさときようさ+4"", ""recommended"": false}, {""note"": null, ""text"": ""すばやさときようさ+5"", ""recommended"": false}]","[{""note"": null, ""text"": ""剣王ガルドリオンの討伐報酬""}, {""note"": null, ""text"": ""銀のフェザーチップ12枚""}, {""note"": null, ""text"": ""アスフェルド光章2個(1回のみ)""}, {""note"": null, ""text"": ""アスフェルド大光章2個(1回のみ)""}, {""note"": null, ""text"": ""すごろくの報酬""}]",/storage/images/accessories/132-.webp,https://draquex.com/akuse/0-hoka.php,https://draquex.com/akuse/akuse-hoka-5.php,2026-03-12 13:06:11,2026-07-07 16:07:37
133,accessory_hoka_11,パワーチャーム,ぱわーちゃーむ,Titan Belt,accessory,他アクセサリー,他,,,,,,5,,,,4,,,,,攻撃力を高める マッチョなかざり,[],"[""さいだいHP+1"", ""さいだいHP+2"", ""こうげき力+1"", ""こうげき力+2"", ""こうげき力+3""]","[""小さなメダル20枚で交換""]",/storage/images/accessories/133-.webp,https://draquex.com/akuse/0-hoka.php,https://draquex.com/akuse/akuse-hoka-9.php,2026-03-12 13:06:13,2026-05-07 20:54:26
134,accessory_hoka_12,うさぎのおまもり,うさぎのおまもり,Bunny Tail,accessory,他アクセサリー,他,,,,,,,,,,2,2,,,,すばやさを高める うさぎの毛で 作られたお守り,[],"[""さいだいHP+1"", ""さいだいHP+2"", ""さいだいMP+1"", ""さいだいMP+2"", ""しゅび力+1"", ""しゅび力+2"", ""すばやさ+1"", ""すばやさ+2"", ""すばやさ+3"", ""すばやさ+4"", ""おしゃれさ+1"", ""おしゃれさ+2""]","[""アルミラージのレアドロ""]",/storage/images/accessories/134-.webp,https://draquex.com/akuse/0-hoka.php,https://draquex.com/akuse/akuse-hoka-10.php,2026-03-12 13:06:16,2026-05-07 20:54:26
135,accessory_hoka_13,ひきよせのすず,ひきよせのすず,Beckoning Bell,accessory,他アクセサリー,他,,,,,,,,,,3,,,,,戦闘時に敵から 狙われやすくなる やっかいな鈴,"[""戦いで魔物にねらわれやすくなる""]","[""さいだいHP+1"", ""さいだいHP+2"", ""こうげき力+1"", ""こうげき力+2"", ""おしゃれさ+1"", ""おしゃれさ+2"", ""おしゃれさ+3"", ""おしゃれさ+4""]","[""小さなメダル15枚で交換""]",/storage/images/accessories/135-.webp,https://draquex.com/akuse/0-hoka.php,https://draquex.com/akuse/akuse-hoka-11.php,2026-03-12 13:06:18,2026-05-07 20:54:26
136,accessory_hoka_14,まよけのすず,まよけのすず,Banishing Bell,accessory,他アクセサリー,他,,,,,,,,,,3,,,,,戦闘時に敵から 狙われにくくなる ありがたい鈴,"[""戦いで魔物にねらわれにくくなる""]","[""さいだいHP+1"", ""さいだいHP+2"", ""こうげき力+1"", ""こうげき力+2"", ""おしゃれさ+1"", ""おしゃれさ+2"", ""おしゃれさ+3"", ""おしゃれさ+4""]","[""小さなメダル15枚で交換""]",/storage/images/accessories/136-.webp,https://draquex.com/akuse/0-hoka.php,https://draquex.com/akuse/akuse-hoka-12.php,2026-03-12 13:06:21,2026-05-07 20:54:26
137,accessory_monsyou_1,ハルファスの紋章,はるふぁすのもんしょう,Halphas Crest,accessory,紋章,紋章,,第一世代,,,,5,,10,,,,,,,攻撃力と 最大HPが上がる 魔神の紋章,[],"[{""note"": null, ""text"": ""こうげき力とすばやさ+1"", ""recommended"": false}, {""note"": null, ""text"": ""こうげき力とすばやさ+2"", ""recommended"": false}, {""note"": null, ""text"": ""こうげき力とすばやさ+3"", ""recommended"": false}, {""note"": null, ""text"": ""こうげき力とすばやさ+4"", ""recommended"": false}, {""note"": null, ""text"": ""こうげき力とすばやさ+5"", ""recommended"": true}, {""note"": null, ""text"": ""こうげき力ときようさ+1"", ""recommended"": false}, {""note"": null, ""text"": ""こうげき力ときようさ+2"", ""recommended"": false}, {""note"": null, ""text"": ""こうげき力ときようさ+3"", ""recommended"": false}, {""note"": null, ""text"": ""こうげき力ときようさ+4"", ""recommended"": false}, {""note"": null, ""text"": ""こうげき力ときようさ+5"", ""recommended"": true}, {""note"": null, ""text"": ""こうげき力としゅび力+1"", ""recommended"": false}, {""note"": null, ""text"": ""こうげき力としゅび力+2"", ""recommended"": false}, {""note"": null, ""text"": ""こうげき力としゅび力+3"", ""recommended"": false}, {""note"": null, ""text"": ""こうげき力としゅび力+4"", ""recommended"": false}, {""note"": null, ""text"": ""こうげき力としゅび力+5"", ""recommended"": true}]","[{""note"": null, ""text"": ""万魔の塔の報酬""}]",/storage/images/accessories/137-.webp,https://draquex.com/akuse/0-monsyou.php,https://draquex.com/akuse/akuse-monsyou-2.php,2026-03-12 13:07:14,2026-07-07 15:51:05
138,accessory_monsyou_2,ハルファスの大紋章,はるふぁすのだいもんしょう,Halphas Sigil,accessory,紋章,紋章,137,第二世代,,,,5,5,10,,,5,5,,,攻撃力と 最大HPが上がる 魔神の大紋章,[],"[{""note"": null, ""text"": ""こうげき力とすばやさ+3"", ""recommended"": false}, {""note"": null, ""text"": ""こうげき力とすばやさ+4"", ""recommended"": false}, {""note"": null, ""text"": ""こうげき力とすばやさ+5"", ""recommended"": true}, {""note"": null, ""text"": ""こうげき力ときようさ+3"", ""recommended"": false}, {""note"": null, ""text"": ""こうげき力ときようさ+4"", ""recommended"": false}, {""note"": null, ""text"": ""こうげき力ときようさ+5"", ""recommended"": true}, {""note"": null, ""text"": ""こうげき力としゅび力+3"", ""recommended"": false}, {""note"": null, ""text"": ""こうげき力としゅび力+4"", ""recommended"": false}, {""note"": null, ""text"": ""こうげき力としゅび力+5"", ""recommended"": true}]","[{""note"": null, ""text"": ""万魔の塔の報酬""}]",/storage/images/accessories/138-.webp,https://draquex.com/akuse/0-monsyou.php,https://draquex.com/akuse/akuse-monsyou-7.php,2026-03-12 13:07:16,2026-07-07 15:51:16
139,accessory_monsyou_3,アガレスの紋章,あがれすのもんしょう,Agares Crest,accessory,紋章,紋章,,第一世代,,,,,,10,,,,,5,,攻撃魔力と 最大HPが上がる 魔神の紋章,[],"[{""note"": null, ""text"": ""こうげき魔力とすばやさ+1"", ""recommended"": false}, {""note"": null, ""text"": ""こうげき魔力とすばやさ+2"", ""recommended"": false}, {""note"": null, ""text"": ""こうげき魔力とすばやさ+3"", ""recommended"": false}, {""note"": null, ""text"": ""こうげき魔力とすばやさ+4"", ""recommended"": false}, {""note"": null, ""text"": ""こうげき魔力とすばやさ+5"", ""recommended"": true}, {""note"": null, ""text"": ""こうげき魔力ときようさ+1"", ""recommended"": false}, {""note"": null, ""text"": ""こうげき魔力ときようさ+2"", ""recommended"": false}, {""note"": null, ""text"": ""こうげき魔力ときようさ+3"", ""recommended"": false}, {""note"": null, ""text"": ""こうげき魔力ときようさ+4"", ""recommended"": false}, {""note"": null, ""text"": ""こうげき魔力ときようさ+5"", ""recommended"": false}, {""note"": null, ""text"": ""こうげき魔力としゅび力+1"", ""recommended"": false}, {""note"": null, ""text"": ""こうげき魔力としゅび力+2"", ""recommended"": false}, {""note"": null, ""text"": ""こうげき魔力としゅび力+3"", ""recommended"": false}, {""note"": null, ""text"": ""こうげき魔力としゅび力+4"", ""recommended"": false}, {""note"": null, ""text"": ""こうげき魔力としゅび力+5"", ""recommended"": true}]","[{""note"": null, ""text"": ""万魔の塔の報酬""}]",/storage/images/accessories/139-.webp,https://draquex.com/akuse/0-monsyou.php,https://draquex.com/akuse/akuse-monsyou-3.php,2026-03-12 13:07:18,2026-07-07 15:52:00
140,accessory_monsyou_4,アガレスの大紋章,あがれすのだいもんしょう,Agares Sigil,accessory,紋章,紋章,139,第二世代,,,,,5,10,,,5,5,5,,攻撃魔力と 最大HPが上がる 魔神の大紋章,[],"[{""note"": null, ""text"": ""こうげき魔力とすばやさ+3"", ""recommended"": false}, {""note"": null, ""text"": ""こうげき魔力とすばやさ+4"", ""recommended"": false}, {""note"": null, ""text"": ""こうげき魔力とすばやさ+5"", ""recommended"": true}, {""note"": null, ""text"": ""こうげき魔力ときようさ+3"", ""recommended"": false}, {""note"": null, ""text"": ""こうげき魔力ときようさ+4"", ""recommended"": false}, {""note"": null, ""text"": ""こうげき魔力ときようさ+5"", ""recommended"": false}, {""note"": null, ""text"": ""こうげき魔力としゅび力+3"", ""recommended"": false}, {""note"": null, ""text"": ""こうげき魔力としゅび力+4"", ""recommended"": false}, {""note"": null, ""text"": ""こうげき魔力としゅび力+5"", ""recommended"": true}]","[{""note"": null, ""text"": ""万魔の塔の報酬""}]",/storage/images/accessories/140-.webp,https://draquex.com/akuse/0-monsyou.php,https://draquex.com/akuse/akuse-monsyou-8.php,2026-03-12 13:07:21,2026-07-07 15:51:53
141,accessory_monsyou_5,ブエルの紋章,ぶえるのもんしょう,Buer Crest,accessory,紋章,紋章,,第一世代,,,,,,10,,,,,,5,回復魔力と 最大HPが上がる 魔神の紋章,[],"[{""note"": null, ""text"": ""かいふく魔力とすばやさ+1"", ""recommended"": false}, {""note"": null, ""text"": ""かいふく魔力とすばやさ+2"", ""recommended"": false}, {""note"": null, ""text"": ""かいふく魔力とすばやさ+3"", ""recommended"": false}, {""note"": null, ""text"": ""かいふく魔力とすばやさ+4"", ""recommended"": false}, {""note"": null, ""text"": ""かいふく魔力とすばやさ+5"", ""recommended"": true}, {""note"": null, ""text"": ""かいふく魔力ときようさ+1"", ""recommended"": false}, {""note"": null, ""text"": ""かいふく魔力ときようさ+2"", ""recommended"": false}, {""note"": null, ""text"": ""かいふく魔力ときようさ+3"", ""recommended"": false}, {""note"": null, ""text"": ""かいふく魔力ときようさ+4"", ""recommended"": false}, {""note"": null, ""text"": ""かいふく魔力ときようさ+5"", ""recommended"": false}, {""note"": null, ""text"": ""かいふく魔力としゅび力+1"", ""recommended"": false}, {""note"": null, ""text"": ""かいふく魔力としゅび力+2"", ""recommended"": false}, {""note"": null, ""text"": ""かいふく魔力としゅび力+3"", ""recommended"": false}, {""note"": null, ""text"": ""かいふく魔力としゅび力+4"", ""recommended"": false}, {""note"": null, ""text"": ""かいふく魔力としゅび力+5"", ""recommended"": true}]","[{""note"": null, ""text"": ""万魔の塔の報酬""}]",/storage/images/accessories/141-.webp,https://draquex.com/akuse/0-monsyou.php,https://draquex.com/akuse/akuse-monsyou-4.php,2026-03-12 13:07:23,2026-07-07 15:50:33
142,accessory_monsyou_6,ブエルの大紋章,ぶえるのだいもんしょう,Buer Sigil,accessory,紋章,紋章,141,第二世代,,,,,5,10,,,5,5,,5,回復魔力と 最大HPが上がる 魔神の大紋章,[],"[{""note"": null, ""text"": ""かいふく魔力とすばやさ+3"", ""recommended"": false}, {""note"": null, ""text"": ""かいふく魔力とすばやさ+4"", ""recommended"": false}, {""note"": null, ""text"": ""かいふく魔力とすばやさ+5"", ""recommended"": true}, {""note"": null, ""text"": ""かいふく魔力ときようさ+3"", ""recommended"": false}, {""note"": null, ""text"": ""かいふく魔力ときようさ+4"", ""recommended"": false}, {""note"": null, ""text"": ""かいふく魔力ときようさ+5"", ""recommended"": false}, {""note"": null, ""text"": ""かいふく魔力としゅび力+3"", ""recommended"": false}, {""note"": null, ""text"": ""かいふく魔力としゅび力+4"", ""recommended"": false}, {""note"": null, ""text"": ""かいふく魔力としゅび力+5"", ""recommended"": true}]","[{""note"": null, ""text"": ""万魔の塔の報酬""}]",/storage/images/accessories/142-.webp,https://draquex.com/akuse/0-monsyou.php,https://draquex.com/akuse/akuse-monsyou-9.php,2026-03-12 13:07:26,2026-07-07 15:50:39
143,accessory_monsyou_7,アモンの紋章,あもんのもんしょう,Amon Crest,accessory,紋章,紋章,,第一世代,,,3,,5,10,,,5,5,,,おもさと 最大HPが上がる 魔神の紋章,[],"[{""note"": null, ""text"": ""おもさとすばやさ+1"", ""recommended"": false}, {""note"": null, ""text"": ""おもさとすばやさ+2"", ""recommended"": false}, {""note"": null, ""text"": ""おもさとすばやさ+3"", ""recommended"": false}, {""note"": null, ""text"": ""おもさとすばやさ+4"", ""recommended"": false}, {""note"": null, ""text"": ""おもさとすばやさ+5"", ""recommended"": true}, {""note"": null, ""text"": ""おもさときようさ+1"", ""recommended"": false}, {""note"": null, ""text"": ""おもさときようさ+2"", ""recommended"": false}, {""note"": null, ""text"": ""おもさときようさ+3"", ""recommended"": false}, {""note"": null, ""text"": ""おもさときようさ+4"", ""recommended"": false}, {""note"": null, ""text"": ""おもさときようさ+5"", ""recommended"": false}, {""note"": null, ""text"": ""おもさとしゅび力+1"", ""recommended"": false}, {""note"": null, ""text"": ""おもさとしゅび力+2"", ""recommended"": false}, {""note"": null, ""text"": ""おもさとしゅび力+3"", ""recommended"": false}, {""note"": null, ""text"": ""おもさとしゅび力+4"", ""recommended"": false}, {""note"": null, ""text"": ""おもさとしゅび力+5"", ""recommended"": true}]","[{""note"": null, ""text"": ""万魔の塔の報酬""}]",/storage/images/accessories/143-.webp,https://draquex.com/akuse/0-monsyou.php,https://draquex.com/akuse/akuse-monsyou-6.php,2026-03-12 13:07:28,2026-07-07 15:49:47
144,accessory_monsyou_8,アモンの大紋章,あもんのだいもんしょう,Amon Sigil,accessory,紋章,紋章,143,第二世代,,,3,,5,10,,,5,5,,,おもさと 最大HPが上がる 魔神の大紋章,[],"[{""note"": null, ""text"": ""おもさとすばやさ+3"", ""recommended"": false}, {""note"": null, ""text"": ""おもさとすばやさ+4"", ""recommended"": false}, {""note"": null, ""text"": ""おもさとすばやさ+5"", ""recommended"": true}, {""note"": null, ""text"": ""おもさときようさ+3"", ""recommended"": false}, {""note"": null, ""text"": ""おもさときようさ+4"", ""recommended"": false}, {""note"": null, ""text"": ""おもさときようさ+5"", ""recommended"": false}, {""note"": null, ""text"": ""おもさとしゅび力+3"", ""recommended"": false}, {""note"": null, ""text"": ""おもさとしゅび力+4"", ""recommended"": false}, {""note"": null, ""text"": ""おもさとしゅび力+5"", ""recommended"": true}]","[{""note"": null, ""text"": ""万魔の塔の報酬""}]",/storage/images/accessories/144-.webp,https://draquex.com/akuse/0-monsyou.php,https://draquex.com/akuse/akuse-monsyou-11.php,2026-03-12 13:07:34,2026-07-07 15:49:55
145,accessory_monsyou_9,グレモリーの紋章,ぐれもりーのもんしょう,Gremory Crest,accessory,紋章,紋章,,第一世代,,,,,,10,,3,,,,,おしゃれさと 最大HPが上がる 魔神の紋章,[],"[{""note"": null, ""text"": ""おしゃれさとすばやさ+1"", ""recommended"": false}, {""note"": null, ""text"": ""おしゃれさとすばやさ+2"", ""recommended"": false}, {""note"": null, ""text"": ""おしゃれさとすばやさ+3"", ""recommended"": false}, {""note"": null, ""text"": ""おしゃれさとすばやさ+4"", ""recommended"": false}, {""note"": null, ""text"": ""おしゃれさとすばやさ+5"", ""recommended"": true}, {""note"": null, ""text"": ""おしゃれさときようさ+1"", ""recommended"": false}, {""note"": null, ""text"": ""おしゃれさときようさ+2"", ""recommended"": false}, {""note"": null, ""text"": ""おしゃれさときようさ+3"", ""recommended"": false}, {""note"": null, ""text"": ""おしゃれさときようさ+4"", ""recommended"": false}, {""note"": null, ""text"": ""おしゃれさときようさ+5"", ""recommended"": false}, {""note"": null, ""text"": ""おしゃれさとしゅび力+1"", ""recommended"": false}, {""note"": null, ""text"": ""おしゃれさとしゅび力+2"", ""recommended"": false}, {""note"": null, ""text"": ""おしゃれさとしゅび力+3"", ""recommended"": false}, {""note"": null, ""text"": ""おしゃれさとしゅび力+4"", ""recommended"": false}, {""note"": null, ""text"": ""おしゃれさとしゅび力+5"", ""recommended"": true}]","[{""note"": null, ""text"": ""万魔の塔の報酬""}]",/storage/images/accessories/145-.webp,https://draquex.com/akuse/0-monsyou.php,https://draquex.com/akuse/akuse-monsyou-5.php,2026-03-12 13:07:38,2026-07-07 15:50:16
146,accessory_monsyou_10,グレモリーの大紋章,ぐれもりーのだいもんしょう,Gremory Sigil,accessory,紋章,紋章,145,第二世代,,,,,5,10,,3,5,5,,,おしゃれさと 最大HPが上がる 魔神の大紋章,[],"[{""note"": null, ""text"": ""おしゃれさとすばやさ+3"", ""recommended"": false}, {""note"": null, ""text"": ""おしゃれさとすばやさ+4"", ""recommended"": false}, {""note"": null, ""text"": ""おしゃれさとすばやさ+5"", ""recommended"": true}, {""note"": null, ""text"": ""おしゃれさときようさ+3"", ""recommended"": false}, {""note"": null, ""text"": ""おしゃれさときようさ+4"", ""recommended"": false}, {""note"": null, ""text"": ""おしゃれさときようさ+5"", ""recommended"": false}, {""note"": null, ""text"": ""おしゃれさとしゅび力+3"", ""recommended"": false}, {""note"": null, ""text"": ""おしゃれさとしゅび力+4"", ""recommended"": false}, {""note"": null, ""text"": ""おしゃれさとしゅび力+5"", ""recommended"": true}]","[{""note"": null, ""text"": ""万魔の塔の報酬""}]",/storage/images/accessories/146-.webp,https://draquex.com/akuse/0-monsyou.php,https://draquex.com/akuse/akuse-monsyou-10.php,2026-03-12 13:07:40,2026-07-07 15:50:22
147,accessory_monsyou_11,はじまりの紋章,はじまりのもんしょう,Origin Crest,accessory,紋章,紋章,,,,,,,,1,1,1,,,,,最大HPと 最大MPが上がる 紋章,[],"[""さいだいHP+1"", ""さいだいMP+1"", ""おしゃれさ+1""]","[""ヴェリのアクセ屋5000G""]",/storage/images/accessories/147-.webp,https://draquex.com/akuse/0-monsyou.php,https://draquex.com/akuse/akuse-monsyou-1.php,2026-03-12 13:07:46,2026-05-07 20:54:26
148,accessory_akasi_1,魔人の勲章,まじんのくんしょう,Ruin's Medal,accessory,職業の証,証,,第一世代,,,2,3,5,,,,,,,,攻撃後まれに テンション上がる 重厚感のある勲章,"[{""note"": null, ""text"": ""攻撃時2.0%でためる"", ""recommended"": false}]","[{""note"": null, ""text"": ""攻撃時ためる+0.5%"", ""recommended"": false}, {""note"": null, ""text"": ""攻撃時ためる+1.0%"", ""recommended"": true}, {""note"": null, ""text"": ""おもさ+2"", ""recommended"": false}, {""note"": null, ""text"": ""きようさ+4"", ""recommended"": false}]","[{""note"": null, ""text"": ""暗黒の魔人の討伐報酬""}, {""note"": null, ""text"": ""銀のフェザーチップ4枚""}, {""note"": null, ""text"": ""アスフェルド光章20個""}]",/storage/images/accessories/148-.webp,https://draquex.com/akuse/0-akasi.php,https://draquex.com/akuse/akuse-akasi-1.php,2026-03-12 13:08:37,2026-07-08 11:30:52
149,accessory_akasi_2,夢幻魔王の勲章,むげんまおうのくんしょう,Dread Fiend's Seal,accessory,職業の証,証,148,第二世代,,,6,5,10,,,,,8,,,攻撃時ためやすく テンション高いと ダメージ増す勲章,"[{""note"": null, ""text"": ""攻撃時4.0%でためる"", ""recommended"": false}, {""note"": null, ""text"": ""テンション時魔物にダメージ+100"", ""recommended"": false}]","[{""note"": null, ""text"": ""行動時1.0%テンション消費なし"", ""recommended"": false}, {""note"": null, ""text"": ""行動時1.5%テンション消費なし"", ""recommended"": false}, {""note"": null, ""text"": ""行動時2.0%テンション消費なし"", ""recommended"": true}, {""note"": null, ""text"": ""テンション時魔物にダメージ+10"", ""recommended"": false}, {""note"": null, ""text"": ""テンション時魔物にダメージ+20"", ""recommended"": false}, {""note"": null, ""text"": ""テンション時魔物にダメージ+30"", ""recommended"": true}]","[{""note"": null, ""text"": ""ムドーの討伐報酬""}]",/storage/images/accessories/149-.webp,https://draquex.com/akuse/0-akasi.php,https://draquex.com/akuse/akuse-akasi-26.php,2026-03-12 13:08:41,2026-07-08 11:31:03
150,accessory_akasi_3,忠義の勲章,ちゅうぎのくんしょう,Loyalty Medal,accessory,職業の証,証,,第一世代,,,,,,4,,,,10,,,会心の一撃の ダメージが上がる 誉れ高い武人の証,"[{""note"": null, ""text"": ""会心&呪文暴走追加ダメージ+30(試合無効)"", ""recommended"": false}]","[{""note"": null, ""text"": ""会心率と暴走率+0.2%"", ""recommended"": false}, {""note"": null, ""text"": ""会心率と暴走率+0.5%"", ""recommended"": true}, {""note"": null, ""text"": ""さいだいHP+2"", ""recommended"": false}, {""note"": null, ""text"": ""さいだいHP+3"", ""recommended"": true}, {""note"": null, ""text"": ""きようさ+4"", ""recommended"": false}, {""note"": null, ""text"": ""きようさ+5"", ""recommended"": false}]","[{""note"": null, ""text"": ""ギュメイ将軍の討伐報酬""}]",/storage/images/accessories/150-.webp,https://draquex.com/akuse/0-akasi.php,https://draquex.com/akuse/akuse-akasi-2.php,2026-03-12 13:08:45,2026-07-08 11:29:54
151,accessory_akasi_4,ガナン帝国の勲章,がなんていこくのくんしょう,Gittish Medal,accessory,職業の証,証,150,第二世代,,,,5,,10,,,,,5,,会心と呪文暴走の ダメージが上がる ガナン帝国の証,"[{""note"": null, ""text"": ""会心率と呪文暴走率+1.0%"", ""recommended"": false}, {""note"": null, ""text"": ""会心と暴走ダメージ+35(試合無効)"", ""recommended"": false}, {""note"": null, ""text"": ""きようそ+20"", ""recommended"": false}]","[{""note"": null, ""text"": ""さいだいHP+1"", ""recommended"": false}, {""note"": null, ""text"": ""さいだいHP+2"", ""recommended"": true}, {""note"": null, ""text"": ""会心と暴走ダメージ+1"", ""recommended"": false}, {""note"": null, ""text"": ""会心と暴走ダメージ+3"", ""recommended"": false}, {""note"": null, ""text"": ""会心と暴走ダメージ+5"", ""recommended"": true}]","[{""note"": null, ""text"": ""帝国三将軍の討伐報酬""}]",/storage/images/accessories/151-.webp,https://draquex.com/akuse/0-akasi.php,https://draquex.com/akuse/akuse-akasi-24.php,2026-03-12 13:08:47,2026-07-08 11:30:12
152,accessory_akasi_5,邪教司祭の勲章,じゃきょうしさいのくんしょう,Magus Medal,accessory,職業の証,証,151,第三世代,,,,5,,19,,,,25,5,,会心と呪文暴走の ダメージが上がる 邪教の大司祭の証,"[{""note"": null, ""text"": ""会心率と呪文暴走率+1.5%"", ""recommended"": false}, {""note"": null, ""text"": ""会心と暴走時魔物にダメージ+50"", ""recommended"": false}]","[{""note"": null, ""text"": ""会心と暴走時魔物にダメージ+1"", ""recommended"": false}, {""note"": null, ""text"": ""会心と暴走時魔物にダメージ+3"", ""recommended"": false}, {""note"": null, ""text"": ""会心と暴走時魔物にダメージ+5"", ""recommended"": false}, {""note"": null, ""text"": ""会心と暴走時魔物にダメージ+7"", ""recommended"": false}, {""note"": null, ""text"": ""会心と暴走時魔物にダメージ+10"", ""recommended"": true}]","[{""note"": null, ""text"": ""エビルプリーストの討伐報酬""}]",/storage/images/accessories/152-.webp,https://draquex.com/akuse/0-akasi.php,https://draquex.com/akuse/akuse-akasi-29.php,2026-03-12 13:08:49,2026-07-08 11:30:01
153,accessory_akasi_6,絆のエンブレム,きずなのえんぶれむ,Bonding Emblem,accessory,職業の証,証,,,,,,,,,,,,,,,主人との絆の証 仲間モンスター 専用のエンブレム,"[""なつき度により主人に絆の力発動"", ""絆時100%ためる""]","[""絆時30％で主人にバイシオン"", ""絆時30％で主人にスカラ"", ""絆時30％で主人に聖女の守り"", ""絆時30％で主人に弓聖の守り星"", ""絆時30％で主人にマホステ"", ""絆時30％で主人にまもりのきり"", ""絆時30％で主人のHP100回復"", ""絆時30％で主人のMP20回復""]","[""モンスターバトルロード景品（5000枚）""]",/storage/images/accessories/153-.webp,https://draquex.com/akuse/0-akasi.php,https://draquex.com/akuse/akuse-akasi-3.php,2026-03-12 13:08:52,2026-05-07 20:54:26
154,accessory_akasi_7,絆のエンブレム改,きずなのえんぶれむかい,Uber Bonding Emblem,accessory,職業の証,証,,,,,,,,,,,,,,,更に強い絆の証 仲間モンスター 専用のエンブレム,"[""なつき度により主人に絆の力発動"", ""絆時100%ためる""]","[""絆時50％で主人にバイキルト"", ""絆時50％で主人に2回スカラ"", ""絆時50％で主人に聖女の守り"", ""絆時50％で主人に聖なる祈り"", ""絆時50％で主人に弓聖の守り星"", ""絆時50％で主人に早詠みのつえ"", ""絆時50％で主人に魔力かくせい"", ""絆時50％で主人にマホステ"", ""絆時50％で主人にまもりのきり"", ""絆時50％で主人のHP100回復"", ""絆時50％で主人のMP20回復""]","[""モンスターバトルロード景品（10000枚）""]",/storage/images/accessories/154-.webp,https://draquex.com/akuse/0-akasi.php,https://draquex.com/akuse/akuse-akasi-4.php,2026-03-12 13:08:54,2026-05-07 20:54:26
155,accessory_akasi_8,戦士の証,せんしのあかし,Soldier's Medal,accessory,職業の証,証,,,,,,,,,,,,,,,たまに 2回攻撃できる 戦士のメダル,"[""たまに2回攻撃できる"", ""たまに同じ特技を2回使う""]","[""合成できない""]","[""戦士の職業クエストを5話までクリアする""]",/storage/images/accessories/155-.webp,https://draquex.com/akuse/0-akasi.php,https://draquex.com/akuse/akuse-akasi-5.php,2026-03-12 13:08:57,2026-05-07 20:54:26
156,accessory_akasi_9,僧侶の証,そうりょのあかし,Lifesaving Medal,accessory,職業の証,証,,,,,,,,,,,,,,,死の寸前にたまに HP1で生き残る 僧侶のメダル,"[""たまにHP1で生き残る""]","[""合成できない""]","[""僧侶の職業クエストを5話までクリアする""]",/storage/images/accessories/156-.webp,https://draquex.com/akuse/0-akasi.php,https://draquex.com/akuse/akuse-akasi-6.php,2026-03-12 13:09:00,2026-05-07 20:54:26
157,accessory_akasi_10,魔法使いの証,まほうつかいのあかし,Mager Achievement,accessory,職業の証,証,,,,,,,,,,,,,,,たまに2回連続で 呪文を唱えられる 魔法使いのメダル,"[""たまに同じ呪文が2回唱えられる""]","[""合成できない""]","[""魔法使いの職業クエストを5話までクリアする""]",/storage/images/accessories/157-.webp,https://draquex.com/akuse/0-akasi.php,https://draquex.com/akuse/akuse-akasi-7.php,2026-03-12 13:09:03,2026-05-07 20:54:26
158,accessory_akasi_11,武闘家の証,ぶとうかのあかし,Mercury Prize,accessory,職業の証,証,,,,,,,,,,,,,,,攻撃を受けた際 たまにやり返す 武闘家のメダル,"[""たまに敵の攻撃を受けながし攻撃""]","[""合成できない""]","[""武闘家の職業クエストを5話までクリアする""]",/storage/images/accessories/158-.webp,https://draquex.com/akuse/0-akasi.php,https://draquex.com/akuse/akuse-akasi-8.php,2026-03-12 13:09:05,2026-05-07 20:54:26
159,accessory_akasi_12,盗賊の証,とうぞくのあかし,Honor Among Thieves,accessory,職業の証,証,,,,,,,,,,,,,,,アイテムを自動で ぬすむことがある 盗賊のメダル,"[""たまにアイテムをぬすむ""]","[""合成できない""]","[""盗賊の職業クエストを5話までクリアする""]",/storage/images/accessories/159-.webp,https://draquex.com/akuse/0-akasi.php,https://draquex.com/akuse/akuse-akasi-9.php,2026-03-12 13:09:09,2026-05-07 20:54:26
160,accessory_akasi_13,旅芸人の証,たびげいにんのあかし,Best Actor,accessory,職業の証,証,,,,,,,,,,,,,,,獲得ゴールドが 多めに手に入る 旅芸人のメダル,"[""戦闘で獲得するゴールドが増える""]","[""合成できない""]","[""旅芸人の職業クエストを5話までクリアする""]",/storage/images/accessories/160-.webp,https://draquex.com/akuse/0-akasi.php,https://draquex.com/akuse/akuse-akasi-10.php,2026-03-12 13:09:21,2026-05-07 20:54:26
161,accessory_akasi_14,バトルマスターの証,ばとるますたーのあかし,Gladiator's Grant,accessory,職業の証,証,,,,,,,,,,,,,,,攻撃を受けて時々 テンションが上がる バトマスのメダル,"[""たまにダメージを受けてテンションアップ""]","[""合成できない""]","[""バトルマスターの職業クエストを5話までクリアする""]",/storage/images/accessories/161-.webp,https://draquex.com/akuse/0-akasi.php,https://draquex.com/akuse/akuse-akasi-11.php,2026-03-12 13:09:23,2026-05-07 20:54:26
162,accessory_akasi_15,パラディンの証,ぱらでぃんのあかし,Order of Chivalry,accessory,職業の証,証,,,,,,,,,,,,,,,攻撃を防ぐと たまにマヒさせる パラディンメダル,"[""ガード時たまに相手をマヒさせる""]","[""合成できない""]","[""パラディンの職業クエストを5話までクリアする""]",/storage/images/accessories/162-.webp,https://draquex.com/akuse/0-akasi.php,https://draquex.com/akuse/akuse-akasi-12.php,2026-03-12 13:09:25,2026-05-07 20:54:26
163,accessory_akasi_16,魔法戦士の証,まほうせんしのあかし,Combat Action Medal,accessory,職業の証,証,,,,,,,,,,,,,,,攻撃すると 時々MP回復する 魔法戦士のメダル,"[""たまに攻撃時MP回復"", ""たまに攻撃時MP回復の回復量アップ""]","[""合成できない""]","[""魔法戦士の職業クエストを5話までクリアする""]",/storage/images/accessories/163-.webp,https://draquex.com/akuse/0-akasi.php,https://draquex.com/akuse/akuse-akasi-13.php,2026-03-12 13:09:27,2026-05-07 20:54:26
164,accessory_akasi_17,レンジャーの証,れんじゃーのあかし,Medal of Freedom,accessory,職業の証,証,,,,,,,,,,,,,,,不意をつく 確率が上がる レンジャーメダル,"[""不意をつく確率アップ""]","[""合成できない""]","[""レンジャーの職業クエストを5話までクリアする""]",/storage/images/accessories/164-.webp,https://draquex.com/akuse/0-akasi.php,https://draquex.com/akuse/akuse-akasi-14.php,2026-03-12 13:09:30,2026-05-07 20:54:26
165,accessory_akasi_18,賢者の証,けんじゃのあかし,Legion of Merit,accessory,職業の証,証,,,,,,,,,,,,,,,呪文を受けた時 時々MP回復する 賢者のメダル,"[""呪文を受けた時たまにMP回復""]","[""合成できない""]","[""賢者の職業クエストを5話までクリアする""]",/storage/images/accessories/165-.webp,https://draquex.com/akuse/0-akasi.php,https://draquex.com/akuse/akuse-akasi-15.php,2026-03-12 13:09:37,2026-05-07 20:54:26
166,accessory_akasi_19,スーパースターの証,すーぱーすたーのあかし,Noscar,accessory,職業の証,証,,,,,,,,,,,,,,,お金を使う特技の 消費量と威力が 上昇するメダル,"[""ゴールド使う特技のゴールド消費量アップ"", ""ゴールドを使う特技の威力アップ""]","[""合成できない""]","[""スーパースターの職業クエストを5話までクリアする""]",/storage/images/accessories/166-.webp,https://draquex.com/akuse/0-akasi.php,https://draquex.com/akuse/akuse-akasi-16.php,2026-03-12 13:09:40,2026-05-07 20:54:26
167,accessory_akasi_20,まもの使いの証,まものつかいのあかし,Monster Medal,accessory,職業の証,証,,,,,,,,,,,,,,,転生モンスターに 会いやすくなる まもの使いメダル,"[""転生モンスター出現率1.1倍""]","[""合成できない""]","[""まもの使いの職業クエストを5話までクリアする""]",/storage/images/accessories/167-.webp,https://draquex.com/akuse/0-akasi.php,https://draquex.com/akuse/akuse-akasi-17.php,2026-03-12 13:09:42,2026-05-07 20:54:26
168,accessory_akasi_21,どうぐ使いの証,どうぐつかいのあかし,Metal of Honor,accessory,職業の証,証,,,,,,,,,,,,,,,メタルな魔物に 会いやすくなる どうぐ使いメダル,"[""メタル系モンスター出現率1.1倍""]","[""合成できない""]","[""どうぐ使いの職業クエストを5話までクリアする""]",/storage/images/accessories/168-.webp,https://draquex.com/akuse/0-akasi.php,https://draquex.com/akuse/akuse-akasi-18.php,2026-03-12 13:09:44,2026-05-07 20:54:26
169,accessory_akasi_22,踊り子の証,おどりこのあかし,The Dance Award,accessory,職業の証,証,,,,,,,,,,,,,,,バトル中まれに すぐ行動できる 踊り子のメダル,"[""1.0%で行動ターンを消費しない""]","[""合成できない""]","[""踊り子の職業クエストを5話までクリアする""]",/storage/images/accessories/169-.webp,https://draquex.com/akuse/0-akasi.php,https://draquex.com/akuse/akuse-akasi-19.php,2026-03-12 13:09:46,2026-05-07 20:54:26
170,accessory_akasi_23,占い師の証,うらないしのあかし,Visionary Award,accessory,職業の証,証,,,,,,,,,,,,,,,タロット使用時の テンション消費減 占い師のメダル,"[""タロットでたまにテンションを消費しない""]","[""合成できない""]","[""占い師の職業クエストを5話までクリアする""]",/storage/images/accessories/170-.webp,https://draquex.com/akuse/0-akasi.php,https://draquex.com/akuse/akuse-akasi-20.php,2026-03-12 13:09:49,2026-05-07 20:54:26
171,accessory_akasi_24,天地雷鳴士の証,てんちらいめいしのあかし,Theurgy Trophy,accessory,職業の証,証,,,,,,,,,,,,,,,まれにMPを 消費しない 天地雷鳴士メダル,"[""MP消費しない率+2.0%""]","[""合成できない""]","[""天地雷鳴士の職業クエストを5話までクリアする""]",/storage/images/accessories/171-.webp,https://draquex.com/akuse/0-akasi.php,https://draquex.com/akuse/akuse-akasi-21.php,2026-03-12 13:09:51,2026-05-07 20:54:26
172,accessory_akasi_25,遊び人の証,あそびにんのあかし,Comedy Prize,accessory,職業の証,証,,,,,,,,,,,,,,,きまぐれが起こる 確率が上がる 遊び人のメダル,"[""きまぐれが起こる確率が上がる""]","[""合成できない""]","[""遊び人の職業クエストを5話までクリアする""]",/storage/images/accessories/172-.webp,https://draquex.com/akuse/0-akasi.php,https://draquex.com/akuse/akuse-akasi-23.php,2026-03-12 13:09:54,2026-05-07 20:54:26
173,accessory_akasi_26,デスマスターの証,ですますたーのあかし,Death Certificate,accessory,職業の証,証,,,,,,,,,,,,,,,デスパワーを たまに消費しない デスマスのメダル,"[""デスパワーをたまに消費しない""]","[""合成できない""]","[""デスマスターの職業クエストを5話までクリアする""]",/storage/images/accessories/173-.webp,https://draquex.com/akuse/0-akasi.php,https://draquex.com/akuse/akuse-akasi-25.php,2026-03-12 13:09:56,2026-05-07 20:54:26
174,accessory_akasi_27,魔剣士の証,まけんしのあかし,Devil's Advocate,accessory,職業の証,証,,,,,,,,,,,,,,,魔の波動が ためやすくなる 魔剣士のメダル,"[""魔の波動がためやすくなる(試合無効)""]","[""合成できない""]","[""魔剣士の職業クエストを5話までクリアする""]",/storage/images/accessories/174-.webp,https://draquex.com/akuse/0-akasi.php,https://draquex.com/akuse/akuse-akasi-27.php,2026-03-12 13:09:59,2026-05-07 20:54:26
175,accessory_akasi_28,海賊の証,かいぞくのあかし,The Pirate's Code,accessory,職業の証,証,,,,,,,,,,,,,,,銃撃時たまに テンションを保つ 海賊のメダル,"[""銃撃時たまにテンション維持(試合無効)""]","[""合成できない""]","[""海賊の職業クエストを5話までクリアする""]",/storage/images/accessories/175-.webp,https://draquex.com/akuse/0-akasi.php,https://draquex.com/akuse/akuse-akasi-28.php,2026-03-12 13:10:01,2026-05-07 20:54:26
176,accessory_akasi_29,ガーディアンの証,がーでぃあんのあかし,Protector's Pin,accessory,職業の証,証,,,,,,,,,,,,,,,死の寸前にたまに HP1で生き残る 守護騎士のメダル,"[""たまにHP1で生き残る(試合無効)""]","[""合成できない""]","[""ガーディアンの職業クエストを5話までクリアする""]",/storage/images/accessories/176-.webp,https://draquex.com/akuse/0-akasi.php,https://draquex.com/akuse/akuse-akasi-30.php,2026-03-12 13:10:03,2026-05-07 20:54:26
177,accessory_akasi_30,竜術士の証,りゅうじゅつしのあかし,Dragon Breadth,accessory,職業の証,証,,,,,,,,,,,,,,,呪文発動速度が わずかに上がる 竜術士のメダル,"[""呪文発動速度+1%""]","[""合成できない""]","[""竜術士の職業クエストを6話までクリアする""]",/storage/images/accessories/177-.webp,https://draquex.com/akuse/0-akasi.php,https://draquex.com/akuse/akuse-akasi-31.php,2026-03-12 13:10:06,2026-05-07 20:54:26
178,accessory_akasi_31,万能の証,ばんのうのあかし,Proof of All,accessory,職業の証,証,,,,,,,,,,,,,,,今まで入手した どんな証にでも 変身できる証,"[""-""]","[""合成できない""]","[""娯楽島ラッカランのオーナーの館2階にいるまとめ屋タバネにもらう""]",/storage/images/accessories/178-.webp,https://draquex.com/akuse/0-akasi.php,https://draquex.com/akuse/akuse-akasi-22.php,2026-03-12 13:10:08,2026-05-07 20:54:26
179,accessory_kokoro_1,旅立ちのこころ,たびだちのこころ,Heart of Departure,accessory,こころ,こころ,,,,,,,,1,1,,,,,,お店で購入できる とりあえず 装備したいこころ,[],,,/storage/images/accessories/179-.webp,https://draquex.com/akuse/0-kokoro.php,https://draquex.com/akuse/akuse-kokoro-1.php,2026-03-12 13:11:11,2026-05-07 20:54:26
181,hakaishin,破壊神の眼甲,はかいしんのがんこう,Wrecking Wear,accessory,顔アクセサリー,顔,2,第三世代,,,,,20,15,,2,,,,,"ドラゴンビートの
発動をうながす
まがまがしい仮面","[{""note"": null, ""text"": ""敵を倒すと"", ""recommended"": false}, {""note"": null, ""text"": ""45%でためる"", ""recommended"": false}]","[{""note"": null, ""text"": ""さいだいHP+2"", ""recommended"": true}, {""note"": null, ""text"": ""味方死亡時 2%で聖女の守り"", ""recommended"": true}, {""note"": null, ""text"": ""味方死亡時 1%で聖女の守り"", ""recommended"": false}, {""note"": null, ""text"": ""味方死亡時 2%でためる"", ""recommended"": true}, {""note"": null, ""text"": ""味方死亡時 1%でためる"", ""recommended"": false}]",[],,,,2026-03-15 13:18:20,2026-07-07 15:54:41
188,meiunmajin,冥雲魔神の勲章,めいうんまじんのくんしょう,,accessory,職業の証,証,149,第三世代,,,10,10,25,,,,,12,,,"攻撃時ためやすく
テンション高いと
ダメージ増す勲章","[{""note"": null, ""text"": ""すべての攻撃時 4.0%でためる"", ""recommended"": false}, {""note"": null, ""text"": ""テンション時のダメージ +400（試合無効）"", ""recommended"": false}]","[{""note"": null, ""text"": ""テンション時のダメージ＋50（試合無効）"", ""recommended"": true}, {""note"": null, ""text"": ""テンション時のダメージ＋40（試合無効）"", ""recommended"": false}, {""note"": null, ""text"": ""テンション時のダメージ＋30（試合無効）"", ""recommended"": false}, {""note"": null, ""text"": ""行動時2.0%でテンション消費なし"", ""recommended"": true}, {""note"": null, ""text"": ""行動時1.5%でテンション消費なし"", ""recommended"": false}, {""note"": null, ""text"": ""行動時1.0%でテンション消費なし"", ""recommended"": false}]","[{""note"": null, ""text"": ""魔法の迷宮コインボス・ヘルクラウダー討伐報酬""}]",/storage/images/accessories/188-.webp,,,2026-07-08 11:36:30,2026-07-08 12:11:58
189,ogon_no_ rosary,黄金のロザリオ,おうごんのろざりお,Gold Rosary,accessory,首アクセサリー,首,65,第三世代,,,,18,17,14,,5,,,,5,"死の寸前HP1で
意外と生き残る
輝く黄金のお守り",[],"[{""note"": null, ""text"": ""さいだいHP+3"", ""recommended"": false}, {""note"": null, ""text"": ""さいだいHP+2"", ""recommended"": false}, {""note"": null, ""text"": ""こうげき力+5"", ""recommended"": false}, {""note"": null, ""text"": ""こうげき力+3"", ""recommended"": false}, {""note"": null, ""text"": ""致死ダメージ時1.0%で生存"", ""recommended"": true}, {""note"": null, ""text"": ""致死ダメージ時0.5%で生存"", ""recommended"": false}]","[{""note"": null, ""text"": ""鉄鬼軍王キラゴルドの討伐報酬""}]",,,,2026-07-22 05:25:36,2026-07-22 05:26:42
190,kaizokuo_no_kubikazari,海賊王の首飾り,かいぞくおうのくびかざり,Pirate King's Pendant,accessory,首アクセサリー,首,,,,,,,,,,10,,,,,,[],"[{""note"": null, ""text"": ""おしゃれさ+5"", ""recommended"": false}, {""note"": null, ""text"": ""通常ドロップ1.1倍"", ""recommended"": false}]",[],,,,2026-07-22 05:31:51,2026-07-22 05:31:51
