id,name,name_kana,name_en,color,effect,created_at,updated_at
1,不屈の闘志,ふくつのとうし,Indomitable Spirit,炎,さいだいHP上昇,2026-03-12 12:56:22,2026-03-31 14:36:47
2,深淵なる叡智,しんえんなるえいち,Refined Mind,炎,さいだいMP上昇,2026-03-12 12:56:22,2026-03-31 14:36:47
3,武神の豪腕,ぶしんのごうわん,Strong Arm,炎,ちから上昇,2026-03-12 12:56:22,2026-03-31 14:36:47
4,鋼鉄の肉体,こうてつのにくたい,Thick Skinned,炎,みのまもり上昇,2026-03-12 12:56:22,2026-03-31 14:36:47
5,大賢者の御手,だいけんじゃのみて,Sage's Spirit,炎,こうげき魔力上昇,2026-03-12 12:56:22,2026-03-31 14:36:47
6,いつくしむ心,いつくしむこころ,Merciful Heart,炎,かいふく魔力上昇,2026-03-12 12:56:22,2026-03-31 14:36:47
7,韋駄天の足,いだてんのあし,Fleet Feet,炎,すばやさ上昇,2026-03-12 12:56:22,2026-03-31 14:36:47
8,神業の手,かみわざのて,Masterful Hand,炎,きようさ上昇,2026-03-12 12:56:22,2026-03-31 14:36:47
9,ふんばり魂,ふんばりだましい,Firm Footed,炎,おもさ上昇,2026-03-12 12:56:22,2026-03-31 14:36:47
10,戦場のヴィーナス,せんじょうのびーなす,Battlefield Venus,炎,みりょく上昇,2026-03-12 12:56:22,2026-03-31 14:36:47
11,魔術の深淵,まじゅつのしんえん,Arcane Abyss,炎,こうげき魔力・かいふく魔力上昇,2026-03-12 12:56:22,2026-03-31 14:36:47
12,会心練磨,かいしんれんま,Critical Faculties,炎,会心率と呪文暴走率上昇,2026-03-12 12:56:22,2026-03-31 14:36:47
13,先見の眼,せんけんのめ,Foreseer's Eye,炎,身かわし率上昇,2026-03-12 12:56:22,2026-03-31 14:36:47
14,堅守の心得,けんしゅのこころえ,Defender's Discipline,炎,盾ガード率上昇,2026-03-12 12:56:22,2026-03-31 14:36:47
15,鉄壁の炎耐性,てっぺきのほのおたいせい,Ironclad Fire Resistance,炎,炎属性のダメージ減,2026-03-12 12:56:22,2026-03-31 14:36:47
16,鉄壁の氷耐性,てっぺきのこおりたいせい,Ironclad Ice Resistance,炎,氷属性のダメージ減,2026-03-12 12:56:22,2026-03-31 14:36:47
17,鉄壁の風耐性,てっぺきのかぜたいせい,Ironclad Wind Resistance,炎,風属性のダメージ減,2026-03-12 12:56:22,2026-03-31 14:36:47
18,鉄壁の雷耐性,てっぺきのかみなりたいせい,Ironclad Lightning Resistance,炎,雷属性のダメージ減,2026-03-12 12:56:22,2026-03-31 14:36:47
19,鉄壁の土耐性,てっぺきのつちたいせい,Ironclad Earth Resistance,炎,土属性のダメージ減,2026-03-12 12:56:22,2026-03-31 14:36:47
20,鉄壁の闇耐性,てっぺきのやみたいせい,Ironclad Dark Resistance,炎,闇属性のダメージ減,2026-03-12 12:56:22,2026-03-31 14:36:47
21,鉄壁の光耐性,てっぺきのひかりたいせい,Ironclad Light Resistance,炎,光属性のダメージ減,2026-03-12 12:56:22,2026-03-31 14:36:47
22,鉄壁の攻撃呪文耐性,てっぺきのこうげきじゅもんたいせい,Ironclad Offensive Spell Resistance,炎,呪文ダメージ減,2026-03-12 12:56:22,2026-03-31 14:36:47
23,鉄壁のブレス耐性,てっぺきのぶれすたいせい,Ironclad Breath Resistance,炎,ブレスダメージ減,2026-03-12 12:56:22,2026-03-31 14:36:47
24,不滅のテンション,ふめつのてんしょん,Undying Tension,水,死亡時、たまに【テンションアップ】が消えない,2026-03-12 12:56:23,2026-03-31 14:36:47
25,不滅の攻撃力アップ,ふめつのこうげきりょくあっぷ,Undying Attack Up,水,死亡時、たまに【攻撃力上昇】が消えない,2026-03-12 12:56:23,2026-03-31 14:36:47
26,不滅の攻撃呪文強化,ふめつのこうげきじゅもんきょうか,Undying Offensive Spell Boost,水,死亡時、たまに【攻撃呪文強化】が消えない（Ver.7.1まではLv1につき3%）,2026-03-12 12:56:23,2026-03-31 14:36:47
27,不滅の回復呪文強化,ふめつのかいふくじゅもんきょうか,Undying Healing Spell Boost,水,死亡時、たまに【回復呪文強化】が消えない,2026-03-12 12:56:23,2026-03-31 14:36:47
28,不滅の早詠み,ふめつのはやよみ,Undying Fast Chant,水,死亡時、たまに【詠唱時間短縮】が消えない（Ver.7.1まではLv1につき3%）,2026-03-12 12:56:23,2026-03-31 14:36:47
29,不滅の呪文ダメージ限界突破,ふめつのじゅもんだめーじげんかいとっぱ,Undying Spell Damage Cap Break,水,死亡時、たまに【呪文ダメージ限界突破】が消えない魔使専用,2026-03-12 12:56:23,2026-03-31 14:36:47
30,不滅の魅惑の水晶球,ふめつのみわくのすいしょうきゅう,Undying Alluring Crystal Ball,水,死亡時、たまに【魅惑の水晶球】が消えない占い師専用,2026-03-12 12:56:23,2026-03-31 14:36:47
31,鉄壁のマヒガード,てっぺきのまひがーど,Ironclad Paralysis Guard,水,マヒガード上昇,2026-03-12 12:56:23,2026-03-31 14:36:47
32,鉄壁の眠りガード,てっぺきのねむりがーど,Ironclad Sleep Guard,水,眠りガード上昇,2026-03-12 12:56:23,2026-03-31 14:36:47
33,鉄壁の混乱ガード,てっぺきのこんらんがーど,Ironclad Confusion Guard,水,混乱ガード上昇,2026-03-12 12:56:23,2026-03-31 14:36:47
34,鉄壁の即死ガード,てっぺきのそくしがーど,Ironclad Instant Death Guard,水,即死ガード上昇,2026-03-12 12:56:23,2026-03-31 14:36:47
35,鉄壁のどくガード,てっぺきのどくがーど,Ironclad Poison Guard,水,毒ガード上昇,2026-03-12 12:56:23,2026-03-31 14:36:47
36,鉄壁の封印ガード,てっぺきのふういんがーど,Ironclad Seal Guard,水,封印ガード上昇,2026-03-12 12:56:23,2026-03-31 14:36:47
37,鉄壁の幻惑ガード,てっぺきのげんわくがーど,Ironclad Dazzle Guard,水,幻惑ガード上昇,2026-03-12 12:56:23,2026-03-31 14:36:47
38,鉄壁の転びガード,てっぺきのころびがーど,Ironclad Stumble Guard,水,転びガード上昇,2026-03-12 12:56:23,2026-03-31 14:36:47
39,鉄壁のおびえガード,てっぺきのおびえがーど,Ironclad Terror Guard,水,おびえガード上昇,2026-03-12 12:56:23,2026-03-31 14:36:47
40,鉄壁のしばりガード,てっぺきのしばりがーど,Ironclad Bind Guard,水,しばりガード上昇,2026-03-12 12:56:23,2026-03-31 14:36:47
41,鉄壁の踊りガード,てっぺきのおどりがーど,Ironclad Dance Guard,水,踊らされガード上昇,2026-03-12 12:56:23,2026-03-31 14:36:47
42,鉄壁の笑いガード,てっぺきのわらいがーど,Ironclad Laughter Guard,水,笑いガード上昇,2026-03-12 12:56:23,2026-03-31 14:36:47
43,鉄壁の魅了ガード,てっぺきのみりょうがーど,Ironclad Charm Guard,水,魅了ガード上昇,2026-03-12 12:56:23,2026-03-31 14:36:47
44,鉄壁の呪いガード,てっぺきののろいがーど,Ironclad Curse Guard,水,呪いガード上昇,2026-03-12 12:56:23,2026-03-31 14:36:47
45,鉄壁のMP吸収ガード,てっぺきのえむぴーきゅうしゅうがーど,Ironclad MP Drain Guard,水,MP吸収ガード上昇,2026-03-12 12:56:23,2026-03-31 14:36:47
46,鉄壁のみとれガード,てっぺきのみとれがーど,Ironclad Beguile Guard,水,みとれガード上昇,2026-03-12 12:56:23,2026-03-31 14:36:47
47,鉄壁のはどうガード,てっぺきのはどうがーど,Ironclad Disruption Guard,水,はどうガード上昇,2026-03-12 12:56:23,2026-03-31 14:36:47
48,鉄壁の会心完全ガード,てっぺきのかいしんかんぜんがーど,Ironclad Critical Block,水,たまに痛恨の一撃・呪文暴走を無効化,2026-03-12 12:56:23,2026-03-31 14:36:47
49,鉄壁のふっとびガード,てっぺきのふっとびがーど,Ironclad Blow-Away Guard,水,ふっとびガード上昇（Ver.5.1まではLv1につき1%）,2026-03-12 12:56:23,2026-03-31 14:36:47
50,鉄壁の各弱体系耐性,てっぺきのかくじゃくたいけいたいせい,Ironclad Debuff Resistance,水,各弱体系耐性上昇,2026-03-12 12:56:23,2026-03-31 14:36:47
51,ホイミ系呪文の奇跡,ほいみけいじゅもんのきせき,Heal Spells Miracle,水,【ホイミ系】呪文の回復量上昇,2026-03-12 12:56:23,2026-03-31 14:36:47
52,ザオの戦域,ざおのせんいき,Zin Beat,水,【ザオ】の射程距離延長,2026-03-12 12:56:23,2026-03-31 14:36:47
53,ザオラルとザオリクの戦域,ざおらるとざおりくのせんいき,Zing and Kazing Beat,水,【ザオラル】【ザオリク】の射程距離延長,2026-03-12 12:56:23,2026-03-31 14:36:47
54,ヘナトス系の技巧,へなとすけいのぎこう,Blunt Knack,水,【ヘナトス】【ヘナトール】の成功率上昇,2026-03-12 12:56:23,2026-03-31 14:36:47
55,ルカニ系呪文の技巧,るかにけいじゅもんのぎこう,Sap Knack,水,【ルカニ】【ルカナン】の成功率上昇,2026-03-12 12:56:23,2026-03-31 14:36:47
56,ボミエ系呪文の技巧,ぼみえけいじゅもんのぎこう,Decelerate Knack,水,【ボミエ】【ボミオス】の成功率上昇,2026-03-12 12:56:23,2026-03-31 14:36:47
57,ディバインスペルの技巧,でぃばいんすぺるのぎこう,Anathematise Knack,水,【ディバインスペル】の成功率上昇,2026-03-12 12:56:23,2026-03-31 14:36:47
58,ラリホー系呪文の技巧,らりほーけいじゅもんのぎこう,Snooze Knack,水,【ラリホー】【ラリホーマ】の成功率上昇,2026-03-12 12:56:23,2026-03-31 14:36:47
59,メダパニ系呪文の技巧,めだぱにけいじゅもんのぎこう,Fuddle Knack,水,【メダパニ】【メダパニーマ】の成功率上昇,2026-03-12 12:56:23,2026-03-31 14:36:47
60,マホトーンの技巧,まほとーんのぎこう,Fizzle Knack,水,【マホトーン】の成功率上昇,2026-03-12 12:56:23,2026-03-31 14:36:47
61,マヌーサの技巧,まぬーさのぎこう,Dazzle Knack,水,【マヌーサ】の成功率上昇,2026-03-12 12:56:23,2026-03-31 14:36:47
62,ヴェレ系の技巧,べれけいのぎこう,Tox Knack,水,【ヴェレ】【ヴェレーノ】【ヴェレノーマ】の成功率上昇,2026-03-12 12:56:23,2026-03-31 14:36:47
63,ルカニの盾,るかにのたて,Sap Shield,水,武器・盾ガード時、たまに攻撃した敵に【守備力低下】1段階（Ver.5.1まではLv1につき2%）,2026-03-12 12:56:23,2026-03-31 14:36:47
64,ヘナトスの盾,へなとすのたて,Blunt Shield,水,武器・盾ガード時、たまに攻撃した敵に【攻撃力低下】1段階（Ver.5.1まではLv1につき2%）,2026-03-12 12:56:23,2026-03-31 14:36:47
65,ぶきみなひかりの盾,ぶきみなひかりのたて,Eerie Light Shield,水,武器・盾ガード時、たまに攻撃した敵に【呪文耐性低下】1段階,2026-03-12 12:56:23,2026-03-31 14:36:47
66,復活のHP回復量アップ,ふっかつのえいちぴーかいふくりょうあっぷ,Revival HP Recovery Up,水,自分が蘇生されたときのHP回復量が最大HPの一定割合分増える,2026-03-12 12:56:23,2026-03-31 14:36:47
67,忍耐のMP回復,にんたいのえむぴーかいふく,Patient MP Recovery,水,ダメージを受けた時、確率（上段）でそのダメージの一定割合（下段）分MPが回復,2026-03-12 12:56:23,2026-03-31 14:36:47
68,逆境の身かわしアップ,ぎゃっきょうのみかわしあっぷ,Adversity Evasion Up,水,ダメージでHPが25%を下回った時たまに自分にみかわし率30%アップ,2026-03-12 12:56:23,2026-03-31 14:36:47
69,復讐のテンションアップ,ふくしゅうのてんしょんあっぷ,Vim for Vendetta,風,味方死亡時、たまに自分に【テンションアップ】1段階,2026-03-12 12:56:24,2026-03-31 14:36:47
70,復讐のバイシオン,ふくしゅうのばいしおん,Avenging Baision,風,味方死亡時、たまに自分に【攻撃力上昇】1段階,2026-03-12 12:56:24,2026-03-31 14:36:47
71,復讐のスカラ,ふくしゅうのすから,Avenging Scala,風,味方死亡時、たまに自分に【守備力上昇】1段階,2026-03-12 12:56:24,2026-03-31 14:36:47
72,復讐の攻撃呪文威力アップ,ふくしゅうのこうげきじゅもんいりょくあっぷ,Avenging Offensive Spell Power Up,風,味方死亡時、たまに自分に【攻撃呪文強化】2段階,2026-03-12 12:56:24,2026-03-31 14:36:47
73,復讐の早詠みの杖,ふくしゅうのはやよみのつえ,Avenging Fast Chant Staff,風,味方死亡時、たまに自分に【詠唱時間短縮】,2026-03-12 12:56:24,2026-03-31 14:36:47
74,復讐の聖なる祈り,ふくしゅうのせいなるいのり,Avenging Sacred Prayer,風,味方死亡時、たまに自分に【回復呪文強化】2段階,2026-03-12 12:56:24,2026-03-31 14:36:47
75,復讐の聖女の守り,ふくしゅうのせいじょのまもり,Avenging Saintly Veil,風,味方死亡時、たまに自分に【聖女の守り】,2026-03-12 12:56:24,2026-03-31 14:36:47
76,復讐の呪文耐性上昇,ふくしゅうのじゅもんたいせいじょうしょう,Avenging Spell Resistance Up,風,味方死亡時、たまに自分に【呪文耐性上昇】,2026-03-12 12:56:24,2026-03-31 14:36:47
77,復讐のブレス耐性上昇,ふくしゅうのぶれすたいせいじょうしょう,Avenging Breath Resistance Up,風,味方死亡時、たまに自分に【ブレス耐性上昇】,2026-03-12 12:56:24,2026-03-31 14:36:47
78,果てなき聖女の守り,はてなきせいじょのまもり,Endless Saintly Veil,風,発生手段を問わず、自分にかかる【聖女の守り】の効果時間を延長,2026-03-12 12:56:24,2026-03-31 14:36:47
79,果てなき攻撃力アップ,はてなきこうげきりょくあっぷ,Endless Attack Up,風,発生手段を問わず、自分にかかる【攻撃力上昇】の効果時間を延長,2026-03-12 12:56:24,2026-03-31 14:36:47
80,果てなき守備力アップ,はてなきしゅびりょくあっぷ,Endless Defence Up,風,発生手段を問わず、自分にかかる【守備力上昇】の効果時間を延長,2026-03-12 12:56:24,2026-03-31 14:36:47
81,果てなき攻撃呪文威力アップ,はてなきこうげきじゅもんいりょくあっぷ,Endless Offensive Spell Power Up,風,発生手段を問わず、自分にかかる【攻撃呪文強化】の効果時間を延長,2026-03-12 12:56:24,2026-03-31 14:36:47
82,果てなき回復呪文威力アップ,はてなきかいふくじゅもんいりょくあっぷ,Endless Healing Spell Power Up,風,発生手段を問わず、自分にかかる【回復呪文強化】の効果時間を延長,2026-03-12 12:56:24,2026-03-31 14:36:47
83,禁断のMPアップ,きんだんのえむぴーあっぷ,Brains over Brawn,風,最大MP上昇（上段）＆最大HP低下（下段）,2026-03-12 12:56:24,2026-03-31 14:36:47
84,禁断のちからアップ,きんだんのちからあっぷ,Forbidden Strength Up,風,ちから上昇（上段）＆みのまもり低下（下段）,2026-03-12 12:56:24,2026-03-31 14:36:47
85,禁断のおもさアップ,きんだんのおもさあっぷ,Forbidden Weight Up,風,おもさ上昇（上段）＆移動速度低下（下段）,2026-03-12 12:56:24,2026-03-31 14:36:47
86,禁断のこうげき魔力アップ,きんだんのこうげきまりょくあっぷ,Forbidden Magical Might Up,風,攻撃魔力上昇（上段）＆最大HP低下（下段）,2026-03-12 12:56:24,2026-03-31 14:36:47
87,禁断のかいふく魔力アップ,きんだんのかいふくまりょくあっぷ,Forbidden Magical Mending Up,風,回復魔力上昇（上段）＆最大MP低下（下段）,2026-03-12 12:56:24,2026-03-31 14:36:47
88,禁断のHPアップ,きんだんのえいちぴーあっぷ,Forbidden HP Up,風,最大HP上昇（上段）＆最大MP低下（下段）,2026-03-12 12:56:24,2026-03-31 14:36:47
89,禁断のきようさアップ,きんだんのきようさあっぷ,Forbidden Deftness Up,風,きようさ上昇（上段）＆すばやさ低下（下段）,2026-03-12 12:56:24,2026-03-31 14:36:47
90,始まりのヘナトス,はじまりのへなとす,Initial Blunt,風,戦闘開始時、たまにランダムな敵1体に【攻撃力低下】1段階,2026-03-12 12:56:24,2026-03-31 14:36:47
91,始まりのルカニ,はじまりのるかに,Initial Sap,風,戦闘開始時、たまにランダムな敵1体に【守備力低下】1段階,2026-03-12 12:56:24,2026-03-31 14:36:47
92,始まりのボミエ,はじまりのぼみえ,Initial Deceleratle,風,戦闘開始時、たまにランダムな敵1体に【行動間隔延長】1段階,2026-03-12 12:56:24,2026-03-31 14:36:47
93,始まりのぶきみなひかり,はじまりのぶきみなひかり,Initial Eerie Light,風,戦闘開始時、たまにランダムな敵1体に【呪文耐性低下】1段階,2026-03-12 12:56:24,2026-03-31 14:36:47
94,始まりの重さダウン,はじまりのおもさだうん,Initial Weight Down,風,戦闘開始時、たまにランダムな敵1体に【おもさ減少】,2026-03-12 12:56:24,2026-03-31 14:36:47
95,始まりのラリホー,はじまりのらりほー,Initial Snooze,風,戦闘開始時、たまにランダムな敵1体に【眠り】,2026-03-12 12:56:24,2026-03-31 14:36:47
96,始まりのチャージタイム短縮,はじまりのちゃーじたいむたんしゅく,Initial Charge Time Cut,風,戦闘開始時、たまに自分にCT10秒短縮,2026-03-12 12:56:24,2026-03-31 14:36:47
97,始まりのバイシオン,はじまりのばいしおん,Initial Baision,風,戦闘開始時、たまに自分に【攻撃力上昇】1段階,2026-03-12 12:56:24,2026-03-31 14:36:47
98,始まりの聖女の守り,はじまりのせいじょのまもり,Initial Saintly Veil,風,戦闘開始時、たまに自分に【聖女の守り】,2026-03-12 12:56:24,2026-03-31 14:36:47
99,始まりのキラキラポーン,はじまりのきらきらぽーん,Initial Sparkle,風,戦闘開始時、たまに自分に【キラキラポーン】,2026-03-12 12:56:24,2026-03-31 14:36:47
100,始まりの移動速度アップ,はじまりのいどうそくどあっぷ,Initial Movement Speed Up,風,戦闘開始時、たまに自分に移動速度50%アップ,2026-03-12 12:56:24,2026-03-31 14:36:47
101,始まりのHPアップ,はじまりのえいちぴーあっぷ,Initial HP Up,風,戦闘開始時、たまに自分に最大HP50アップ,2026-03-12 12:56:24,2026-03-31 14:36:47
102,メラ系呪文の瞬き,めらけいじゅもんのまたたき,Frizz Quick Chant,風,【メラ系】呪文の詠唱速度上昇,2026-03-12 12:56:24,2026-03-31 14:36:47
103,ヒャド系呪文の瞬き,ひゃどけいじゅもんのまたたき,Crack Quick Chant,風,【ヒャド系】呪文の詠唱速度上昇,2026-03-12 12:56:24,2026-03-31 14:36:47
104,イオ系呪文の瞬き,いおけいじゅもんのまたたき,Bang Quick Chant,風,【イオ系】呪文の詠唱速度上昇,2026-03-12 12:56:24,2026-03-31 14:36:47
105,バギ系呪文の瞬き,ばぎけいじゅもんのまたたき,Woosh Quick Chant,風,【バギ系】呪文の詠唱速度上昇（【コーラルレイン】【メイルストロム】も含む）,2026-03-12 12:56:24,2026-03-31 14:36:47
106,ドルマ系呪文の瞬き,どるまけいじゅもんのまたたき,Zam Quick Chant,風,【ドルマ系】呪文の詠唱速度上昇,2026-03-12 12:56:24,2026-03-31 14:36:47
107,ギラ系呪文の瞬き,ぎらけいじゅもんのまたたき,Sizz Quick Chant,風,【ギラ系】呪文の詠唱速度上昇,2026-03-12 12:56:24,2026-03-31 14:36:47
108,ドガン系呪文の瞬き,どがんけいじゅもんのまたたき,Crash Quick Chant,風,【ドガン系】呪文の詠唱速度上昇,2026-03-12 12:56:24,2026-03-31 14:36:47
109,ジバ系呪文の瞬き,じばけいじゅもんのまたたき,Jiba Spells Quick Chant,風,【ジバリア系】呪文の詠唱速度上昇,2026-03-12 12:56:24,2026-03-31 14:36:47
110,マダンテの瞬き,まだんてのまたたき,Magic Burst Quick Chant,風,【マダンテ】の詠唱速度上昇,2026-03-12 12:56:24,2026-03-31 14:36:47
111,マホトラの瞬き,まほとらのまたたき,Drain Magic Quick Chant,風,【マホトラ】の詠唱速度上昇,2026-03-12 12:56:24,2026-03-31 14:36:47
112,ホイミ系呪文の瞬き,ほいみけいじゅもんのまたたき,Heal Quick Chant,風,【ホイミ系】呪文の詠唱速度上昇,2026-03-12 12:56:24,2026-03-31 14:36:47
113,ザオの瞬き,ざおのまたたき,Zin Quick Chant,風,【ザオ】の詠唱速度上昇,2026-03-12 12:56:24,2026-03-31 14:36:47
114,ザオラルの瞬き,ざおらるのまたたき,Zing Quick Chant,風,【ザオラル】の詠唱速度上昇,2026-03-12 12:56:24,2026-03-31 14:36:47
115,ザオリクの瞬き,ざおりくのまたたき,Kazing Quick Chant,風,【ザオリク】の詠唱速度上昇,2026-03-12 12:56:24,2026-03-31 14:36:47
116,バイキルト系呪文の瞬き,ばいきるとけいじゅもんのまたたき,Oomphle Quick Chant,風,【バイシオン】【バイキルト】の詠唱速度上昇,2026-03-12 12:56:24,2026-03-31 14:36:47
117,スカラ系呪文の瞬き,すからけいじゅもんのまたたき,Buff Quick Chant,風,【スカラ】【スクルト】の詠唱速度上昇,2026-03-12 12:56:24,2026-03-31 14:36:47
118,ピオラ系呪文の瞬き,ぴおらけいじゅもんのまたたき,Accelerate Quick Chant,風,【ピオラ】【ピオリム】の詠唱速度上昇,2026-03-12 12:56:24,2026-03-31 14:36:47
119,フバーハ系呪文の瞬き,ふばーはけいじゅもんのまたたき,Insulatle Quick Chant,風,【バーハ】【フバーハ】の詠唱速度上昇,2026-03-12 12:56:24,2026-03-31 14:36:47
120,マジックバリアの瞬き,まじっくばりあのまたたき,Magic Barrier Quick Chant,風,【マジックバリア】の詠唱速度上昇,2026-03-12 12:56:24,2026-03-31 14:36:47
121,ズッシードの瞬き,ずっしーどのまたたき,Thunk Quick Chant,風,【ズッシード】の詠唱速度上昇,2026-03-12 12:56:24,2026-03-31 14:36:47
122,マホカンタ系呪文の瞬き,まほかんたけいじゅもんのまたたき,Bounce Quick Chant,風,【マホターン】【マホカンタ】の詠唱速度上昇,2026-03-12 12:56:24,2026-03-31 14:36:47
123,マホキテの瞬き,まほきてのまたたき,Absorb Magic Quick Chant,風,【マホキテ】の詠唱速度上昇,2026-03-12 12:56:24,2026-03-31 14:36:47
124,ヘナトス系の瞬き,へなとすけいのまたたき,Blunt Quick Chant,風,【ヘナトス】【ヘナトール】の詠唱速度上昇,2026-03-12 12:56:24,2026-03-31 14:36:47
125,ルカニ系呪文の瞬き,るかにけいじゅもんのまたたき,Sap Quick Chant,風,【ルカニ】【ルカナン】の詠唱速度上昇,2026-03-12 12:56:24,2026-03-31 14:36:47
126,ボミエ系呪文の瞬き,ぼみえけいじゅもんのまたたき,Decelerate Quick Chant,風,【ボミエ】【ボミオス】の詠唱速度上昇,2026-03-12 12:56:24,2026-03-31 14:36:47
127,ディバインスペルの瞬き,でぃばいんすぺるのまたたき,Anathematise Quick Chant,風,【ディバインスペル】の詠唱速度上昇,2026-03-12 12:56:24,2026-03-31 14:36:47
128,ラリホー系呪文の瞬き,らりほーけいじゅもんのまたたき,Snooze Quick Chant,風,【ラリホー】【ラリホーマ】の詠唱速度上昇,2026-03-12 12:56:24,2026-03-31 14:36:47
129,メダパニ系呪文の瞬き,めだぱにけいじゅもんのまたたき,Fuddle Quick Chant,風,【メダパニ】【メダパニーマ】の詠唱速度上昇,2026-03-12 12:56:24,2026-03-31 14:36:47
130,マホトーンの瞬き,まほとーんのまたたき,Fizzle Quick Chant,風,【マホトーン】の詠唱速度上昇,2026-03-12 12:56:24,2026-03-31 14:36:47
131,マヌーサの瞬き,まぬーさのまたたき,Dazzle Quick Chant,風,【マヌーサ】の詠唱速度上昇,2026-03-12 12:56:24,2026-03-31 14:36:47
132,ヴェレ系の瞬き,べれけいのまたたき,Tox Quick Chant,風,【ヴェレ】【ヴェレーノ】【ヴェレノーマ】の詠唱速度上昇,2026-03-12 12:56:24,2026-03-31 14:36:47
133,奇跡の会心攻撃,きせきのかいしんこうげき,Miraculous Critical Attack,風,会心の一撃・呪文暴走時のダメージ上昇,2026-03-12 12:56:24,2026-03-31 14:36:47
134,打たれ名人,うたれめいじん,Master of Taking Hits,風,【被ダメージ軽減】,2026-03-12 12:56:24,2026-03-31 14:36:47
135,勝ちどきMP回復,かちどきえむぴーかいふく,Victory MP Recovery,風,敵を倒すとMP回復,2026-03-12 12:56:24,2026-03-31 14:36:47
136,気まぐれな追撃,きまぐれなついげき,Whimsical Follow-Up,風,CT技以外の呪文・特技使用時、たまに2回行動,2026-03-12 12:56:24,2026-03-31 14:36:47
137,共鳴のテンションアップ,きょうめいのてんしょんあっぷ,Resonant Tension Up,風,仲間のテンションアップ時たまに自分のテンションもアップ,2026-03-12 12:56:24,2026-03-31 14:36:47
138,終わりのHP回復,おわりのえいちぴーかいふく,End-of-Turn HP Recovery,風,戦闘終了時、自分のHP回復,2026-03-12 12:56:24,2026-03-31 14:36:47
139,メラ系とギラ系呪文の極意,めらけいとぎらけいじゅもんのごくい,メラ系 and Sizz Spells Mastery,光,【メラ系】【ギラ系】呪文のダメージ上昇,2026-03-12 12:56:27,2026-03-31 14:36:47
140,メラ系とギラ系呪文の真髄,めらけいとぎらけいじゅもんのしんずい,メラ系 and Sizz Spells Essence,光,メラ系・ギラ系呪文のテンションアップ時ダメージ上昇,2026-03-12 12:56:27,2026-03-31 14:36:47
141,ヒャド系呪文の極意,ひゃどけいじゅもんのごくい,Crack Spells Mastery,光,【ヒャド系】呪文のダメージ上昇,2026-03-12 12:56:27,2026-03-31 14:36:47
142,ヒャド系呪文の真髄,ひゃどけいじゅもんのしんずい,Crack Spells Essence,光,ヒャド系呪文のテンションアップ時ダメージ上昇,2026-03-12 12:56:27,2026-03-31 14:36:47
143,イオ系呪文の極意,いおけいじゅもんのごくい,Bang Spells Mastery,光,【イオ系】呪文のダメージ上昇,2026-03-12 12:56:27,2026-03-31 14:36:47
144,イオ系呪文の真髄,いおけいじゅもんのしんずい,Bang Spells Essence,光,イオ系呪文のテンションアップ時ダメージ上昇,2026-03-12 12:56:27,2026-03-31 14:36:47
145,バギ系呪文の極意,ばぎけいじゅもんのごくい,Woosh Spells Mastery,光,【バギ系】呪文のダメージ上昇,2026-03-12 12:56:27,2026-03-31 14:36:47
146,バギ系呪文の真髄,ばぎけいじゅもんのしんずい,Woosh Spells Essence,光,バギ系呪文のテンションアップ時ダメージ上昇,2026-03-12 12:56:27,2026-03-31 14:36:47
147,ドルマ系呪文の極意,どるまけいじゅもんのごくい,Zam Spells Mastery,光,【ドルマ系】呪文のダメージ上昇,2026-03-12 12:56:27,2026-03-31 14:36:47
148,ドルマ系呪文の真髄,どるまけいじゅもんのしんずい,Zam Spells Essence,光,ドルマ系呪文のテンションアップ時ダメージ上昇,2026-03-12 12:56:27,2026-03-31 14:36:47
149,ドガン系とジバ系呪文の極意,どがんけいとじばけいじゅもんのごくい,ドガン系 and Jiba Spells Mastery,光,【ドガン系】【ジバリア系】呪文のダメージ上昇,2026-03-12 12:56:27,2026-03-31 14:36:47
150,ドガン系呪文の真髄,どがんけいじゅもんのしんずい,Dogan Spells Essence,光,ドガン系呪文のテンションアップ時ダメージ上昇,2026-03-12 12:56:27,2026-03-31 14:36:47
151,マダンテの極意,まだんてのごくい,Magic Burst Mastery,光,【マダンテ】のダメージ上昇,2026-03-12 12:56:27,2026-03-31 14:36:47
152,戦士の閃き,せんしのひらめき,Warrior Insight,光,戦士である間、必殺チャージ率上昇,2026-03-12 12:56:27,2026-03-31 14:36:47
153,会心必中の極意,かいしんひっちゅうのごくい,Critical Claim Mastery,光,【会心必中】のダメージ上昇（Ver.5.1まではLv1につき3%）,2026-03-12 12:56:27,2026-03-31 14:36:47
154,かばうの極意,かばうのごくい,Whipping Boy Mastery,光,【かばう】中、さらに固定値で被ダメージ軽減,2026-03-12 12:56:27,2026-03-31 14:36:47
155,ロストアタックの極意,ろすとあたっくのごくい,Morale Masher Mastery,光,【ロストアタック】のダメージ上昇（Ver.3.0前期まではLv1につき5%）,2026-03-12 12:56:27,2026-03-31 14:36:47
156,たいあたりの極意,たいあたりのごくい,Body Slam Mastery,光,【たいあたり】のダメージ上昇,2026-03-12 12:56:27,2026-03-31 14:36:47
157,やいばくだきの極意,やいばくだきのごくい,Attack Attacker Mastery,光,【やいばくだき】のダメージ上昇,2026-03-12 12:56:27,2026-03-31 14:36:47
158,チャージタックルの極意,ちゃーじたっくるのごくい,Charge Tackle Mastery,光,【チャージタックル】のダメージ上昇（Ver.3.0前期まではLv1につき3%）,2026-03-12 12:56:27,2026-03-31 14:36:47
159,真・やいばくだきの極意,しん・やいばくだきのごくい,True Attack Attacker Mastery,光,【真・やいばくだき】のダメージ上昇,2026-03-12 12:56:27,2026-03-31 14:36:47
160,真・やいばくだきの技巧,しん・やいばくだきのぎこう,True Attack Attacker Knack,光,真・やいばくだきの成功率上昇,2026-03-12 12:56:27,2026-03-31 14:36:47
161,僧侶の閃き,そうりょのひらめき,Priest Insight,光,僧侶である間、必殺チャージ率上昇,2026-03-12 12:56:27,2026-03-31 14:36:47
162,おはらいの瞬き,おはらいのまたたき,Benediction Quick Chant,光,【おはらい】の発動速度上昇,2026-03-12 12:56:27,2026-03-31 14:36:47
163,果てなきマホトラのころも,はてなきまほとらのころも,Endless Magic Robe,光,【マホトラのころも】の効果時間延長（Ver.5.1まではLv1につき3秒）,2026-03-12 12:56:27,2026-03-31 14:36:47
164,聖女の守りの瞬き,せいじょのまもりのまたたき,Alma Mater Quick Chant,光,【聖女の守り】の発動速度上昇,2026-03-12 12:56:27,2026-03-31 14:36:47
165,天使の守りの瞬き,てんしのまもりのまたたき,Goddess' Grace Quick Chant,光,【天使の守り】の発動速度上昇,2026-03-12 12:56:27,2026-03-31 14:36:47
166,ホーリーライトの極意,ほーりーらいとのごくい,Divine Restitution Mastery,光,【ホーリーライト】のダメージ上昇,2026-03-12 12:56:27,2026-03-31 14:36:47
167,魔法使いの閃き,まほうつかいのひらめき,Mage Insight,光,魔法使いである間、必殺チャージ率上昇,2026-03-12 12:56:27,2026-03-31 14:36:47
168,メドローアの極意,めどろーあのごくい,Kafrizzlecrack Mastery,光,【メドローア】のダメージ上昇,2026-03-12 12:56:27,2026-03-31 14:36:47
169,ぶきみなひかりの瞬き,ぶきみなひかりのまたたき,Spooky Aura Quick Chant,光,【ぶきみなひかり】の発動速度上昇,2026-03-12 12:56:27,2026-03-31 14:36:47
170,ぶきみなひかりの技巧,ぶきみなひかりのぎこう,Spooky Aura Knack,光,ぶきみなひかりの成功率上昇,2026-03-12 12:56:27,2026-03-31 14:36:47
171,魔力かくせいの瞬き,まりょくかくせいのまたたき,Channel Anger Quick Chant,光,【魔力かくせい】の発動速度上昇魔使・スパ・竜術で共用可能,2026-03-12 12:56:27,2026-03-31 14:36:47
172,果てなき超魔力かくせい,はてなきちょうまりょくかくせい,Endless Super Channel Anger,光,【超魔力かくせい】【ミラクルゾーン】による【呪文ダメージ限界突破】の効果時間延長,2026-03-12 12:56:27,2026-03-31 14:36:47
173,武闘家の閃き,ぶとうかのひらめき,Martial Artist Insight,光,武闘家である間、必殺チャージ率上昇,2026-03-12 12:56:27,2026-03-31 14:36:47
174,一喝の極意,いっかつのごくい,Roaring Tirade Mastery,光,【一喝】使用時、たまにさらに1段階テンションアップ（Ver.5.1まではLv1につき3%）,2026-03-12 12:56:27,2026-03-31 14:36:47
175,崩命拳の極意,ほうめいけんのごくい,Punch Out Mastery,光,【崩命拳】のダメージ上昇,2026-03-12 12:56:27,2026-03-31 14:36:47
176,ためるの極意,ためるのごくい,Psyche Up Mastery,光,【ためる】使用時、たまにさらに1段階テンションアップ,2026-03-12 12:56:27,2026-03-31 14:36:47
177,心頭滅却の瞬き,しんとうめっきゃくのまたたき,Mind Over Matter Quick Chant,光,【心頭滅却】の発動速度上昇,2026-03-12 12:56:27,2026-03-31 14:36:47
178,おたけびの技巧,おたけびのぎこう,War Cry Knack,光,【おたけび】の成功率上昇（Ver.3.0前期まではLv1につき2%）,2026-03-12 12:56:27,2026-03-31 14:36:47
179,おたけびの戦域,おたけびのせんいき,War Cry Beat,光,おたけびの範囲拡大,2026-03-12 12:56:27,2026-03-31 14:36:47
180,めいそうの奇跡,めいそうのきせき,Meditation Miracle,光,【めいそう】の回復量上昇,2026-03-12 12:56:27,2026-03-31 14:36:47
181,ためる弐の極意,ためるにのごくい,Psyche Up 2 Mastery,光,【ためる弐】使用時、たまにさらに1段階テンションアップ,2026-03-12 12:56:27,2026-03-31 14:36:47
182,無念無想の奇跡,むねんむそうのきせき,Nirvana Miracle,光,【無念無想】のMP回復量上昇,2026-03-12 12:56:27,2026-03-31 14:36:47
183,ためる参の極意,ためるさんのごくい,Psyche Up 3 Mastery,光,【ためる参】使用時、たまにさらに1段階テンションアップ,2026-03-12 12:56:27,2026-03-31 14:36:47
184,打成一片の極意,だじょういっぺんのごくい,Become One Mastery,光,【打成一片】のダメージ上昇,2026-03-12 12:56:27,2026-03-31 14:36:47
185,盗賊の閃き,とうぞくのひらめき,Thief Insight,光,盗賊である間、必殺チャージ率上昇,2026-03-12 12:56:27,2026-03-31 14:36:47
186,お宝ハンターの極意,おたからはんたーのごくい,Itemised Kill Mastery,光,【お宝ハンター】のダメージが固定値で上昇,2026-03-12 12:56:27,2026-03-31 14:36:47
187,ファントムハックの極意,ふぁんとむはっくのごくい,Seeing Stars Mastery,光,【ファントムハック】のダメージ上昇,2026-03-12 12:56:27,2026-03-31 14:36:47
188,サプライズラッシュの極意,さぷらいずらっしゅのごくい,Bolt from the Blue Mastery,光,【サプライズラッシュ】のダメージ上昇,2026-03-12 12:56:27,2026-03-31 14:36:47
189,サプライズラッシュの技巧,さぷらいずらっしゅのぎこう,Bolt from the Blue Knack,光,サプライズラッシュの成功率上昇（Ver.5.1まではLv1につき1%）,2026-03-12 12:56:27,2026-03-31 14:36:47
190,ネバネバ爆弾の戦域,ねばねばばくだんのせんいき,Sticky bomb Beat,光,【ネバネバ爆弾】の範囲拡大,2026-03-12 12:56:27,2026-03-31 14:36:47
191,旅芸人の閃き,たびげいにんのひらめき,Minstrel Insight,光,旅芸人である間、必殺チャージ率上昇,2026-03-12 12:56:27,2026-03-31 14:36:47
192,トリックゾーンの極意,とりっくぞーんのごくい,Haze Over Mastery,光,【トリックゾーン】のダメージ上昇,2026-03-12 12:56:27,2026-03-31 14:36:47
193,ボケの技巧,ぼけのぎこう,Pratfall Knack,光,【ボケ】の成功率上昇（Ver.3.0前期まではLv1につき2%）,2026-03-12 12:56:27,2026-03-31 14:36:47
194,果てなきタップダンス,はてなきたっぷだんす,Endless Tap Dance,光,【タップダンス】の効果時間延長（Ver.5.1まではLv1につき3秒）,2026-03-12 12:56:27,2026-03-31 14:36:47
195,キラージャグリングの極意,きらーじゃぐりんぐのごくい,Have a Ball Mastery,光,【キラージャグリング】のダメージ上昇,2026-03-12 12:56:27,2026-03-31 14:36:47
196,ハッスルダンスの奇跡,はっするだんすのきせき,Hustle Dance Miracle,光,【ハッスルダンス】の回復量上昇,2026-03-12 12:56:27,2026-03-31 14:36:47
197,ハッスルダンスの戦域,はっするだんすのせんいき,Hustle Dance Beat,光,ハッスルダンスの範囲拡大,2026-03-12 12:56:27,2026-03-31 14:36:47
198,ゴッドジャグリングの極意,ごっどじゃぐりんぐのごくい,God Juggling Mastery,光,【ゴッドジャグリング】のダメージ上昇,2026-03-12 12:56:27,2026-03-31 14:36:47
199,たたかいのビートの戦域,たたかいのびーとのせんいき,Rhythm 'n' Bruise Beat,光,【たたかいのビート】の範囲拡大,2026-03-12 12:56:27,2026-03-31 14:36:47
200,いやしのメロディの戦域,いやしのめろでぃのせんいき,Healing Melody Beat,光,【いやしのメロディ】の範囲拡大,2026-03-12 12:56:27,2026-03-31 14:36:47
201,バトルマスターの閃き,ばとるますたーのひらめき,Battlemaster Insight,光,バトルマスターである間、必殺チャージ率上昇,2026-03-12 12:56:27,2026-03-31 14:36:47
202,ラッシュバーンの極意,らっしゅばーんのごくい,Burn Rush Mastery,光,【ラッシュバーン】のダメージ上昇,2026-03-12 12:56:27,2026-03-31 14:36:47
203,とうこん討ちの極意,とうこんうちのごくい,and うこん討ち Mastery,光,【とうこん討ち】のダメージ上昇,2026-03-12 12:56:27,2026-03-31 14:36:47
204,もろば斬りの極意,もろばぎりのごくい,Double-Edged Slash Mastery,光,【もろば斬り】のダメージ上昇,2026-03-12 12:56:27,2026-03-31 14:36:47
205,無心こうげきの極意,むしんこうげきのごくい,Blind Man's Biff Mastery,光,【無心こうげき】のダメージ上昇,2026-03-12 12:56:27,2026-03-31 14:36:47
206,天下無双の極意,てんかむそうのごくい,A Cut Above Mastery,光,【天下無双】のダメージ上昇,2026-03-12 12:56:27,2026-03-31 14:36:47
207,果てなきテンションバーン,はてなきてんしょんばーん,Endless Tension Burn,光,【テンションバーン】の効果時間延長,2026-03-12 12:56:27,2026-03-31 14:36:47
208,果てなきミラクルブースト,はてなきみらくるぶーすと,Endless Miracle Boost,光,【ミラクルブースト】の効果時間延長,2026-03-12 12:56:27,2026-03-31 14:36:47
209,古今無双の極意,ここんむそうのごくい,Peerless Prowess Mastery,光,【古今無双】のダメージ上昇,2026-03-12 12:56:27,2026-03-31 14:36:47
210,パラディンの閃き,ぱらでぃんのひらめき,Paladin Insight,光,パラディンである間、必殺チャージ率上昇,2026-03-12 12:56:27,2026-03-31 14:36:47
211,果てなきパラディンガード,はてなきぱらでぃんがーど,Endless Paladin Guard,光,【パラディンガード】の効果時間延長,2026-03-12 12:56:27,2026-03-31 14:36:47
212,果てなき聖光の鎧,はてなきせいこうのよろい,Endless Holy Light Armor,光,【聖光の鎧】の効果時間延長,2026-03-12 12:56:27,2026-03-31 14:36:47
213,やいばのぼうぎょの極意,やいばのぼうぎょのごくい,Pincushion Mastery,光,【やいばのぼうぎょ】中、さらに割合で被ダメージ軽減,2026-03-12 12:56:27,2026-03-31 14:36:47
214,におうだちの極意,におうだちのごくい,Forbearance Mastery,光,【におうだち】中、さらに固定値で被ダメージ軽減,2026-03-12 12:56:27,2026-03-31 14:36:47
215,果てなきヘヴィチャージ,はてなきへびちゃーじ,Endless Heavy Charge,光,【ヘヴィチャージ】による【おもさ増加】の効果時間延長（【不動のかまえ】等他の手段による重さアップには適用されない）,2026-03-12 12:56:27,2026-03-31 14:36:47
216,大ぼうぎょの極意,だいぼうぎょのごくい,Defending Champion Mastery,光,【大ぼうぎょ】中、さらに割合で被ダメージ軽減,2026-03-12 12:56:27,2026-03-31 14:36:47
217,グランドネビュラの極意,ぐらんどねびゅらのごくい,Solar Flair Mastery,光,【グランドネビュラ】のダメージ上昇,2026-03-12 12:56:27,2026-03-31 14:36:47
218,果てなき鉄壁の進軍,はてなきてっぺきのしんぐん,Endless Ironclad Advance,光,【鉄壁の進軍】の効果時間延長,2026-03-12 12:56:27,2026-03-31 14:36:47
219,魔法戦士の閃き,まほうせんしのひらめき,Armamentalist Insight,光,魔法戦士である間、必殺チャージ率上昇,2026-03-12 12:56:27,2026-03-31 14:36:47
220,マジックルーレットの戦域,まじっくるーれっとのせんいき,Magic Roulette Beat,光,【マジックルーレット】の範囲拡大,2026-03-12 12:56:27,2026-03-31 14:36:47
221,エナジーフォールの極意,えなじーふぉーるのごくい,Magic Blast Mastery,光,【エナジーフォール】のダメージ上昇,2026-03-12 12:56:27,2026-03-31 14:36:47
222,ファイアフォースの護り,ふぁいあふぉーすのまもり,Fire Fource Protection,光,自分に【ファイアフォース】がかかっているとき炎耐性上昇,2026-03-12 12:56:27,2026-03-31 14:36:47
223,アイスフォースの護り,あいすふぉーすのまもり,Frost Fource Protection,光,自分に【アイスフォース】がかかっているとき氷耐性上昇,2026-03-12 12:56:27,2026-03-31 14:36:47
224,ストームフォースの護り,すとーむふぉーすのまもり,Gale Fource Protection,光,自分に【ストームフォース】がかかっているとき風・雷耐性上昇,2026-03-12 12:56:27,2026-03-31 14:36:47
225,ダークフォースの護り,だーくふぉーすのまもり,Funereal Fource Protection,光,自分に【ダークフォース】がかかっているとき闇・土耐性上昇,2026-03-12 12:56:27,2026-03-31 14:36:47
226,ライトフォースの護り,らいとふぉーすのまもり,Life Fource Protection,光,自分に【ライトフォース】がかかっているとき光耐性上昇,2026-03-12 12:56:27,2026-03-31 14:36:47
227,フォースブレイクの極意,ふぉーすぶれいくのごくい,Fource Break Mastery,光,【フォースブレイク】のダメージ上昇,2026-03-12 12:56:27,2026-03-31 14:36:47
228,フォースブレイクの技巧,ふぉーすぶれいくのぎこう,Fource Break Knack,光,フォースブレイクの成功率上昇,2026-03-12 12:56:27,2026-03-31 14:36:47
229,レンジャーの閃き,れんじゃーのひらめき,Ranger Insight,光,レンジャーである間、必殺チャージ率上昇,2026-03-12 12:56:27,2026-03-31 14:36:47
230,アヌビスアタックの極意,あぬびすあたっくのごくい,Anubis Assault Mastery,光,【アヌビスアタック】のダメージ上昇,2026-03-12 12:56:27,2026-03-31 14:36:47
231,てなづけるの技巧,てなづけるのぎこう,Win Over Knack,光,【てなづける】の成功率上昇,2026-03-12 12:56:27,2026-03-31 14:36:47
232,メタルトラップの技巧,めたるとらっぷのぎこう,Metal Trap Knack,光,【メタルトラップ】の成功率上昇（Ver.3.0前期まではLv1につき2%）,2026-03-12 12:56:27,2026-03-31 14:36:47
233,まもりのきりの戦域,まもりのきりのせんいき,Mist Me Beat,光,【まもりのきり】の範囲拡大,2026-03-12 12:56:27,2026-03-31 14:36:47
234,オオカミアタックの極意,おおかみあたっくのごくい,Wolf Whistle Mastery,光,【オオカミアタック】のダメージ上昇,2026-03-12 12:56:27,2026-03-31 14:36:47
235,あんこくのきりの技巧,あんこくのきりのぎこう,Dark Fog Knack,光,【あんこくのきり】の成功率上昇,2026-03-12 12:56:27,2026-03-31 14:36:47
236,フェンリルアタックの極意,ふぇんりるあたっくのごくい,Fenrir Whistle Mastery,光,【フェンリルアタック】のダメージ上昇,2026-03-12 12:56:27,2026-03-31 14:36:47
237,紅蓮蝶のきりの戦域,ぐれんちょうのきりのせんいき,Crimson Butterfly Mist Beat,光,【紅蓮蝶のきり】の範囲拡大,2026-03-12 12:56:27,2026-03-31 14:36:47
238,賢者の閃き,けんじゃのひらめき,Sage Insight,光,賢者である間、必殺チャージ率上昇,2026-03-12 12:56:27,2026-03-31 14:36:47
239,果てなき神の息吹,はてなきかみのいぶき,Endless Divine Breath,光,【神の息吹】による詠唱時間短縮の効果時間延長（Ver.5.1まではLv1につき3秒）,2026-03-12 12:56:27,2026-03-31 14:36:47
240,いやしの雨の瞬き,いやしのあめのまたたき,Right as Rain Quick Chant,光,【いやしの雨】の発動速度上昇,2026-03-12 12:56:27,2026-03-31 14:36:47
241,魔導の書の技巧,まどうのしょのぎこう,Magical Book Knack,光,【魔導の書】の成功率上昇（Ver.3.0前期まではLv1につき2%）,2026-03-12 12:56:27,2026-03-31 14:36:47
242,スーパースターの閃き,すーぱーすたーのひらめき,Superstar Insight,光,スーパースターである間、必殺チャージ率上昇,2026-03-12 12:56:27,2026-03-31 14:36:47
243,果てなきモンスターゾーン,はてなきもんすたーぞーん,Endless Monster Zone,光,【モンスターゾーン】によって敵をシビれさせる効果時間を延長（Ver.5.1まではLv1につき1秒）,2026-03-12 12:56:27,2026-03-31 14:36:47
244,果てなき銀幕の世界,はてなきぎんまくのせかい,Endless Silver Screen World,光,【銀幕の世界】の効果時間延長,2026-03-12 12:56:27,2026-03-31 14:36:47
245,サインぜめの極意,さいんぜめのごくい,Autograph Mastery,光,【サインぜめ】のダメージ上昇（Ver.3.0前期まではLv1につき10%）,2026-03-12 12:56:27,2026-03-31 14:36:47
246,スキャンダルの技巧,すきゃんだるのぎこう,Scandal Eyes Knack,光,【スキャンダル】の成功率上昇,2026-03-12 12:56:27,2026-03-31 14:36:47
247,メイクアップの瞬き,めいくあっぷのまたたき,Makeup Quick Chant,光,【メイクアップ】の発動速度上昇,2026-03-12 12:56:27,2026-03-31 14:36:47
248,プレシャスレインの極意,ぷれしゃすれいんのごくい,Precious Rain Mastery,光,【プレシャスレイン】のダメージ上昇,2026-03-12 12:56:27,2026-03-31 14:36:47
249,まもの使いの閃き,まものつかいのひらめき,Monster Master Insight,光,まもの使いである間、必殺チャージ率上昇,2026-03-12 12:56:27,2026-03-31 14:36:47
250,流星爪牙の極意,りゅうせいそうがのごくい,Crash Claw Mastery,光,【流星爪牙】のダメージ上昇,2026-03-12 12:56:27,2026-03-31 14:36:47
251,果てなきビーストモード,はてなきびーすともーど,Endless Beast Mode,光,【ビーストモード】による行動間隔0化の効果時間延長（Ver.5.1まではLv1につき1秒）,2026-03-12 12:56:27,2026-03-31 14:36:47
252,ブレスクラッシュの極意,ぶれすくらっしゅのごくい,Breathtaking Bash Mastery,光,【ブレスクラッシュ】のダメージ上昇,2026-03-12 12:56:27,2026-03-31 14:36:47
253,ブレスクラッシュの技巧,ぶれすくらっしゅのぎこう,Breathtaking Bash Knack,光,ブレスクラッシュの成功率上昇,2026-03-12 12:56:27,2026-03-31 14:36:47
254,スキルクラッシュの極意,すきるくらっしゅのごくい,Skill Scupperer Mastery,光,【スキルクラッシュ】のダメージ上昇,2026-03-12 12:56:27,2026-03-31 14:36:47
255,スキルクラッシュの技巧,すきるくらっしゅのぎこう,Skill Scupperer Knack,光,スキルクラッシュの成功率上昇,2026-03-12 12:56:27,2026-03-31 14:36:47
256,果てなきウォークライ,はてなきうぉーくらい,Endless War Cry,光,【ウォークライ】の効果時間延長,2026-03-12 12:56:27,2026-03-31 14:36:47
257,ビーストファングの極意,びーすとふぁんぐのごくい,Beast Fang Mastery,光,【ビーストファング】のダメージ上昇,2026-03-12 12:56:27,2026-03-31 14:36:47
258,どうぐ使いの閃き,どうぐつかいのひらめき,Item Master Insight,光,どうぐ使いである間、必殺チャージ率上昇,2026-03-12 12:56:27,2026-03-31 14:36:47
259,アブソリュートレイの極意,あぶそりゅーとれいのごくい,Absolute Beam Mastery,光,【アブソリュートレイ】のダメージ上昇,2026-03-12 12:56:27,2026-03-31 14:36:47
260,果てなきどうぐ倍化術,はてなきどうぐばいかじゅつ,Endless Tool Doubling,光,【どうぐ倍化術】【どうぐ最適術】によるアイテム効果アップの効果時間延長,2026-03-12 12:56:27,2026-03-31 14:36:47
261,磁界シールドの瞬き,じかいしーるどのまたたき,Magnetic Shield Quick Chant,光,【磁界シールド】の発動速度上昇,2026-03-12 12:56:27,2026-03-31 14:36:47
262,果てなきどうぐ範囲化術,はてなきどうぐはんいかじゅつ,Endless Tool AoE,光,【どうぐ範囲化術】【どうぐ最適術】によるアイテム範囲化の効果時間延長,2026-03-12 12:56:27,2026-03-31 14:36:47
263,メディカルデバイスの瞬き,めでぃかるでばいすのまたたき,Medical Device Quick Chant,光,【メディカルデバイス】の発動速度上昇（Ver.3.0前期まではLv1につき3%）,2026-03-12 12:56:27,2026-03-31 14:36:47
264,プラズマリムーバーの瞬き,ぷらずまりむーばーのまたたき,Plasma Remover Quick Chant,光,【プラズマリムーバー】の発動速度上昇（Ver.3.0前期まではLv1につき3%）,2026-03-12 12:56:27,2026-03-31 14:36:47
265,プラズマリムーバーの戦域,ぷらずまりむーばーのせんいき,Plasma Remover Beat,光,プラズマリムーバーの範囲拡大,2026-03-12 12:56:27,2026-03-31 14:36:47
266,バイキルエンハンスの瞬き,ばいきるえんはんすのまたたき,Oomphgrade Quick Chant,光,【バイキルエンハンス】の発動速度上昇,2026-03-12 12:56:27,2026-03-31 14:36:47
267,踊り子の閃き,おどりこのひらめき,Dancer Insight,光,踊り子である間、必殺チャージ率上昇,2026-03-12 12:56:27,2026-03-31 14:36:47
268,もうどくブルースの瞬き,もうどくぶるーすのまたたき,Poisonous Blues Quick Chant,光,【もうどくブルース】の発動速度上昇（Ver.3.0前期まではLv1につき3%）,2026-03-12 12:56:27,2026-03-31 14:36:47
269,会心まいしんラップの瞬き,かいしんまいしんらっぷのまたたき,Confidence Rap Quick Chant,光,【会心まいしんラップ】の発動速度上昇（Ver.3.0前期まではLv1につき3%）,2026-03-12 12:56:27,2026-03-31 14:36:47
270,祈りのゴスペルの瞬き,いのりのごすぺるのまたたき,Gospel of Prayer Quick Chant,光,【祈りのゴスペル】の発動速度上昇,2026-03-12 12:56:27,2026-03-31 14:36:47
271,覚醒のアリアの瞬き,かくせいのありあのまたたき,Aria of Awakening Quick Chant,光,【覚醒のアリア】の発動速度上昇,2026-03-12 12:56:27,2026-03-31 14:36:47
272,よみがえり節の瞬き,よみがえりぶしのまたたき,Revival Clause Quick Chant,光,【よみがえり節】の発動速度上昇,2026-03-12 12:56:27,2026-03-31 14:36:47
273,魔力のバラードの瞬き,まりょくのばらーどのまたたき,Magical Ballad Quick Chant,光,【魔力のバラード】の発動速度上昇,2026-03-12 12:56:27,2026-03-31 14:36:47
274,回復のララバイの瞬き,かいふくのららばいのまたたき,Healing Lullaby Quick Chant,光,【回復のララバイ】の発動速度上昇,2026-03-12 12:56:27,2026-03-31 14:36:47
275,ふういんのダンスの技巧,ふういんのだんすのぎこう,Dance of Sealing Knack,光,【ふういんのダンス】の成功率上昇（Ver.3.0前期まではLv1につき2%）,2026-03-12 12:56:27,2026-03-31 14:36:47
276,こんらんのダンスの技巧,こんらんのだんすのぎこう,Dance of Confusion Knack,光,【こんらんのダンス】の成功率上昇（Ver.3.0前期まではLv1につき2%）,2026-03-12 12:56:27,2026-03-31 14:36:47
277,ねむりのダンスの技巧,ねむりのだんすのぎこう,Dance of Sleep Knack,光,【ねむりのダンス】の成功率上昇（Ver.3.0前期まではLv1につき2%）,2026-03-12 12:56:27,2026-03-31 14:36:47
278,ドラゴンステップの技巧,どらごんすてっぷのぎこう,Dragon Step Knack,光,【ドラゴンステップ】の成功率上昇（Ver.3.0前期まではLv1につき2%）,2026-03-12 12:56:27,2026-03-31 14:36:47
279,ビーナスステップの技巧,びーなすすてっぷのぎこう,Venus Step Knack,光,【ビーナスステップ】の成功率上昇（Ver.3.0前期まではLv1につき2%）,2026-03-12 12:56:27,2026-03-31 14:36:47
280,ロイヤルステップの技巧,ろいやるすてっぷのぎこう,Royal Step Knack,光,【ロイヤルステップ】の成功率上昇（Ver.3.0前期まではLv1につき2%）,2026-03-12 12:56:27,2026-03-31 14:36:47
281,つるぎの舞の極意,つるぎのまいのごくい,Sword Dance Mastery,光,【つるぎの舞】のダメージ上昇（Ver.5.1まではLv1につき3%）,2026-03-12 12:56:27,2026-03-31 14:36:47
282,戦鬼の乱れ舞の瞬き,せんきのみだれまいのまたたき,Demon's Duet Quick Chant,光,【戦鬼の乱れ舞】の発動速度上昇,2026-03-12 12:56:27,2026-03-31 14:36:47
283,占い師の閃き,うらないしのひらめき,Fortune Teller Insight,光,占い師である間、必殺チャージ率上昇,2026-03-12 12:56:27,2026-03-31 14:36:47
284,果てなき魅惑の水晶球,はてなきみわくのすいしょうきゅう,Endless Alluring Crystal Ball,光,【魅惑の水晶球】【占技・天輪殺】によるタロット強化効果の効果時間延長（Ver.5.1まではLv1につき2秒）,2026-03-12 12:56:27,2026-03-31 14:36:47
285,果てなきワイルドカード,はてなきわいるどかーど,Endless Wild Card,光,【ワイルドカード】の効果時間延長,2026-03-12 12:56:27,2026-03-31 14:36:47
286,正義のタロットの極意,せいぎのたろっとのごくい,Justice Tarot Mastery,光,【正義のタロット】のダメージ上昇,2026-03-12 12:56:27,2026-03-31 14:36:47
287,戦車のタロットの極意,せんしゃのたろっとのごくい,Chariot Tarot Mastery,光,【戦車のタロット】のダメージ上昇,2026-03-12 12:56:27,2026-03-31 14:36:47
288,罪人のタロットの極意,ざいにんのたろっとのごくい,Sinner Tarot Mastery,光,【罪人のタロット】のダメージ上昇,2026-03-12 12:56:27,2026-03-31 14:36:47
289,隠者のタロットの極意,いんじゃのたろっとのごくい,Hermit Tarot Mastery,光,【隠者のタロット】のダメージ上昇,2026-03-12 12:56:27,2026-03-31 14:36:47
290,死神のタロットの極意,しにがみのたろっとのごくい,Death Tarot Mastery,光,【死神のタロット】のダメージ上昇,2026-03-12 12:56:27,2026-03-31 14:36:47
291,塔のタロットの極意,とうのたろっとのごくい,Tower Tarot Mastery,光,【塔のタロット】のダメージ上昇,2026-03-12 12:56:27,2026-03-31 14:36:47
292,魅惑の水晶球の瞬き,みわくのすいしょうきゅうのまたたき,Magic Crystal Ball Quick Chant,光,魅惑の水晶球の発動速度上昇,2026-03-12 12:56:27,2026-03-31 14:36:47
293,復活の魅惑の水晶球,ふっかつのみわくのすいしょうきゅう,Revival Magic Crystal Ball,光,復活時魅惑の水晶球発動,2026-03-12 12:56:27,2026-03-31 14:36:47
294,始まりの魅惑の水晶球,はじまりのみわくのすいしょうきゅう,Initial Magic Crystal Ball,光,開戦時魅惑の水晶球発動,2026-03-12 12:56:27,2026-03-31 14:36:47
295,天地雷鳴士の閃き,てんちらいめいしのひらめき,Druid Insight,光,天地雷鳴士である間、必殺チャージ率上昇,2026-03-12 12:56:27,2026-03-31 14:36:47
296,シュジャク召喚の極意,しゅじゃくしょうかんのごくい,Pea Shocker Mastery,光,【シュジャク召喚】のダメージ上昇,2026-03-12 12:56:27,2026-03-31 14:36:47
297,ひばしらの極意,ひばしらのごくい,Pyre o' Fire Mastery,光,【ひばしら】のダメージ上昇（Ver.4.0まではLv1につき1%）,2026-03-12 12:56:27,2026-03-31 14:36:47
298,じわれの極意,じわれのごくい,Fissure Mastery,光,【じわれ】のダメージ上昇（Ver.4.0まではLv1につき1%）,2026-03-12 12:56:27,2026-03-31 14:36:47
299,いなずまの極意,いなずまのごくい,Lightning Mastery,光,【いなずま】のダメージ上昇（Ver.4.0まではLv1につき1%）,2026-03-12 12:56:27,2026-03-31 14:36:47
300,めいどうふうまの極意,めいどうふうまのごくい,King Fissure Mastery,光,【めいどうふうま】のダメージ上昇（Ver.4.0まではLv1につき1%）,2026-03-12 12:56:27,2026-03-31 14:36:47
301,マグマの極意,まぐまのごくい,Magma Blast Mastery,光,【マグマ】のダメージ上昇,2026-03-12 12:56:27,2026-03-31 14:36:47
302,水神のたつまきの極意,すいじんのたつまきのごくい,Whirlwind Mastery,光,【水神のたつまき】のダメージ上昇,2026-03-12 12:56:27,2026-03-31 14:36:47
303,れんごく火炎の極意,れんごくかえんのごくい,Inferno Flame Mastery,光,【れんごく火炎】のダメージ上昇,2026-03-12 12:56:27,2026-03-31 14:36:47
304,しんくう竜巻の極意,しんくうたつまきのごくい,Vacuum Tornado Mastery,光,【しんくう竜巻】のダメージ上昇,2026-03-12 12:56:27,2026-03-31 14:36:47
305,遊び人の閃き,あそびにんのひらめき,Gadabout Insight,光,遊び人である間、必殺チャージ率上昇,2026-03-12 12:56:27,2026-03-31 14:36:47
306,びっくりルーレットの極意,びっくりるーれっとのごくい,Surprise Spinner Mastery,光,【びっくりルーレット】のダメージ上昇,2026-03-12 12:56:27,2026-03-31 14:36:47
307,きまぐれの技巧,きまぐれのぎこう,Whimsical Knack,光,【きまぐれ】の発動率上昇（Ver.5.1まではLv1につき1%）,2026-03-12 12:56:27,2026-03-31 14:36:47
308,なめまわしの技巧,なめまわしのぎこう,Tongue Lashing Knack,光,【なめまわし】の成功率上昇,2026-03-12 12:56:27,2026-03-31 14:36:47
309,ぱふぱふの技巧,ぱふぱふのぎこう,Puff-puff Knack,光,【ぱふぱふ】の成功率上昇,2026-03-12 12:56:27,2026-03-31 14:36:47
310,果てなきほんきであそぶ,はてなきほんきであそぶ,Endless Serious Play,光,【ほんきであそぶ】の効果時間延長,2026-03-12 12:56:27,2026-03-31 14:36:47
311,ひゃくれつなめの技巧,ひゃくれつなめのぎこう,Tongue Bashing Knack,光,【ひゃくれつなめ】の成功率上昇（Ver.5.1まではLv1につき1%）,2026-03-12 12:56:27,2026-03-31 14:36:47
312,まねまねの極意,まねまねのごくい,Mimicry Mastery,光,【まねまね】の反射ダメージ上昇,2026-03-12 12:56:27,2026-03-31 14:36:47
313,デスマスターの閃き,ですますたーのひらめき,Death Master Insight,光,デスマスターである間、必殺チャージ率上昇,2026-03-12 12:56:27,2026-03-31 14:36:47
314,呪詛の極意,じゅそのごくい,Curse Mastery,光,【呪詛】のダメージ上昇,2026-03-12 12:56:27,2026-03-31 14:36:47
315,デスサイズの極意,ですさいずのごくい,Death Scythe Mastery,光,【デスサイズ】のダメージ上昇,2026-03-12 12:56:27,2026-03-31 14:36:47
316,大呪詛の極意,だいじゅそのごくい,Enfeeble Mastery,光,【大呪詛】のダメージ上昇,2026-03-12 12:56:27,2026-03-31 14:36:47
317,魔剣士の閃き,まけんしのひらめき,Demon Swordsman Insight,光,魔剣士である間、必殺チャージ率上昇,2026-03-12 12:56:27,2026-03-31 14:36:47
318,果てなき錬魔の秘法,はてなきれんまのひほう,Endless Arcane Forge Secret,光,【錬魔の秘法】の効果時間延長,2026-03-12 12:56:27,2026-03-31 14:36:47
319,果てなき闇のヴェール,はてなきやみのべーる,Endless Dark Veil,光,【闇のヴェール】の効果時間延長,2026-03-12 12:56:27,2026-03-31 14:36:47
320,邪炎波の極意,じゃえんはのごくい,Evil Wave Mastery,光,【邪炎波】のダメージ上昇,2026-03-12 12:56:27,2026-03-31 14:36:47
321,暗黒連撃の極意,あんこくれんげきのごくい,Black Blade Mastery,光,【暗黒連撃】のダメージ上昇,2026-03-12 12:56:27,2026-03-31 14:36:47
322,ダークマターの極意,だーくまたーのごくい,Discontinuum Mastery,光,【ダークマター】のダメージ上昇,2026-03-12 12:56:27,2026-03-31 14:36:47
323,煉獄魔斬の極意,れんごくまざんのごくい,Purgatory Demon Slash Mastery,光,【煉獄魔斬】のダメージ上昇,2026-03-12 12:56:27,2026-03-31 14:36:47
324,黒炎帝の斬撃の極意,こくえんていのざんげきのごくい,Black Flame Emperor Slash Mastery,光,【黒炎帝の斬撃】のダメージ上昇,2026-03-12 12:56:27,2026-03-31 14:36:47
325,海賊の閃き,かいぞくのひらめき,Pirate Insight,光,海賊である間、必殺チャージ率上昇,2026-03-12 12:56:27,2026-03-31 14:36:47
326,タル投げの極意,たるなげのごくい,Barrel Toss Mastery,光,【タル投げ】のダメージ上昇,2026-03-12 12:56:27,2026-03-31 14:36:47
327,しびれ弾ショットの極意,しびれだんしょっとのごくい,Shocking Shot Mastery,光,【しびれ弾ショット】のダメージ上昇,2026-03-12 12:56:27,2026-03-31 14:36:47
328,火炎弾ショットの極意,かえんだんしょっとのごくい,Flaming Shot Mastery,光,【火炎弾ショット】のダメージ上昇,2026-03-12 12:56:27,2026-03-31 14:36:47
329,錨ぶんまわしの極意,いかりぶんまわしのごくい,Anchors Away Mastery,光,【錨ぶんまわし】のダメージ上昇,2026-03-12 12:56:27,2026-03-31 14:36:47
330,散弾ショットの極意,さんだんしょっとのごくい,Buckshot Mastery,光,【散弾ショット】のダメージ上昇,2026-03-12 12:56:27,2026-03-31 14:36:47
331,スタン弾ショットの極意,すたんだんしょっとのごくい,Stunning Shell Mastery,光,【スタン弾ショット】のダメージ上昇,2026-03-12 12:56:27,2026-03-31 14:36:47
332,恐怖弾ショットの極意,きょうふだんしょっとのごくい,Terror Shot Mastery,光,【恐怖弾ショット】のダメージ上昇,2026-03-12 12:56:27,2026-03-31 14:36:47
333,ガーディアンの閃き,がーでぃあんのひらめき,Guardian Insight,光,ガーディアンである間、ゾーン突入率上昇,2026-03-12 12:56:27,2026-03-31 14:36:47
334,プラーナソードの極意,ぷらーなそーどのごくい,Blessed Blade Mastery,光,【プラーナソード】のダメージ上昇,2026-03-12 12:56:27,2026-03-31 14:36:47
335,ブラスターフィストの極意,ぶらすたーふぃすとのごくい,Fist of Justice Mastery,光,【ブラスターフィスト】のダメージ上昇,2026-03-12 12:56:27,2026-03-31 14:36:47
336,天光連斬の極意,てんこうれんざんのごくい,Lightbringer Mastery,光,【天光連斬】のダメージ上昇,2026-03-12 12:56:27,2026-03-31 14:36:47
337,果てなきブーストオーラ,はてなきぶーすとおーら,Endless Boost Aura,光,【ブーストオーラ】の効果時間延長,2026-03-12 12:56:27,2026-03-31 14:36:47
338,ディバインピルムの極意,でぃばいんぴるむのごくい,Divine Pilum Mastery,光,【ディバインピルム】のダメージ上昇,2026-03-12 12:56:27,2026-03-31 14:36:47
339,竜術士の閃き,りゅうじゅつしのひらめき,Dragomancer Insight,光,竜術士である間、ゾーン突入率上昇,2026-03-12 12:56:27,2026-03-31 14:36:47
340,マッドブレスの極意,まっどぶれすのごくい,Muddled Breath Mastery,光,【マッドブレス】のダメージ上昇,2026-03-12 12:56:27,2026-03-31 14:36:47
341,火球ブレスの極意,かきゅうぶれすのごくい,Breath Blast Mastery,光,【火球ブレス】のダメージ上昇,2026-03-12 12:56:27,2026-03-31 14:36:47
342,エレメントブーストの瞬き,えれめんとぶーすとのまたたき,In the Element Quick Chant,光,【エレメントブースト】の発動速度上昇,2026-03-12 12:56:27,2026-03-31 14:36:47
343,果てなき竜の脈動,はてなきりゅうのみゃくどう,Endless Dragon Pulse,光,【竜の脈動】の効果時間延長,2026-03-12 12:56:27,2026-03-31 14:36:47
344,隠者の閃き,いんじゃのひらめき,Hermit Insight,光,隠者である間、ゾーン突入率上昇,2026-03-12 12:56:27,2026-03-31 14:36:47
345,スピリットブラストの極意,すぴりっとぶらすとのごくい,Spiritual Surge Mastery,光,【スピリットブラスト】のダメージ上昇,2026-03-12 12:56:27,2026-03-31 14:36:47
346,雷鳴双牙の極意,らいめいそうがのごくい,Cross Shock Mastery,光,【雷鳴双牙】のダメージ上昇,2026-03-12 12:56:27,2026-03-31 14:36:47
347,果てなき精霊降臨,はてなきせいれいこうりん,Endless Spirit Descent,光,【精霊降臨】の効果時間延長,2026-03-12 12:56:27,2026-03-31 14:36:47
348,精霊の鼓動の瞬き,せいれいのこどうのまたたき,Spirits Within Quick Chant,光,【精霊の鼓動】の発動速度上昇,2026-03-12 12:56:27,2026-03-31 14:36:47
349,精霊獣の祝福の瞬き,せいれいじゅうのしゅくふくのまたたき,Beast's Blessing Quick Chant,光,【精霊獣の祝福】の発動速度上昇,2026-03-12 12:56:27,2026-03-31 14:36:47
350,ヒーリングドリームの戦域,ひーりんぐどりーむのせんいき,Healing Way Beat,光,【ヒーリングドリーム】の範囲拡大,2026-03-12 12:56:27,2026-03-31 14:36:47
351,トライアミュレットの戦域,とらいあみゅれっとのせんいき,Triamulate Beat,光,【トライアミュレット】の範囲拡大,2026-03-12 12:56:27,2026-03-31 14:36:47
352,デュアルプロテクトの戦域,でゅあるぷろてくとのせんいき,Bated Breath Beat,光,【デュアルプロテクト】の範囲拡大,2026-03-12 12:56:27,2026-03-31 14:36:47
353,かえん斬りの極意,かえんぎりのごくい,Flame Slash Mastery,闇,【かえん斬り】のダメージ上昇（Ver.3.0前期まではLv1につき5%）,2026-03-12 12:56:29,2026-03-31 14:36:47
354,ドラゴン斬りの極意,どらごんぎりのごくい,Dragon Slash Mastery,闇,【ドラゴン斬り】のドラゴン系へのダメージ上昇（Ver.3.0前期まではLv1につき20%）,2026-03-12 12:56:29,2026-03-31 14:36:47
355,ミラクルソードの極意,みらくるそーどのごくい,Miracle Slash Mastery,闇,【ミラクルソード】のダメージと回復量上昇,2026-03-12 12:56:29,2026-03-31 14:36:47
356,はやぶさ斬りの極意,はやぶさぎりのごくい,Falcon Slash Mastery,闇,【はやぶさ斬り】のダメージ上昇,2026-03-12 12:56:29,2026-03-31 14:36:47
357,ギガスラッシュの極意,ぎがすらっしゅのごくい,Gigaslash Mastery,闇,【ギガスラッシュ】のダメージ上昇,2026-03-12 12:56:29,2026-03-31 14:36:47
358,ギガスラッシュの真髄,ぎがすらっしゅのしんずい,Gigaslash Essence,闇,【ギガスラッシュ】のテンションアップ時ダメージ上昇,2026-03-12 12:56:29,2026-03-31 14:36:47
359,超はやぶさ斬りの極意,ちょうはやぶさぎりのごくい,Gyrfalcon Slash Mastery,闇,【超はやぶさ斬り】のダメージ上昇,2026-03-12 12:56:29,2026-03-31 14:36:47
360,ギガブレイクの極意,ぎがぶれいくのごくい,Gigagash Mastery,闇,【ギガブレイク】のダメージ上昇,2026-03-12 12:56:29,2026-03-31 14:36:47
361,ギガブレイクの真髄,ぎがぶれいくのしんずい,Gigagash Essence,闇,【ギガブレイク】のテンションアップ時ダメージ上昇,2026-03-12 12:56:29,2026-03-31 14:36:47
362,不死鳥天舞の極意,ふしちょうてんぶのごくい,Phoenix Dance Mastery,闇,【不死鳥天舞】のダメージ上昇,2026-03-12 12:56:29,2026-03-31 14:36:47
363,アルテマソードの極意,あるてまそーどのごくい,Ultima Sword Mastery,闇,【アルテマソード】のダメージ上昇,2026-03-12 12:56:29,2026-03-31 14:36:47
364,果てなきブレードガード,はてなきぶれーどがーど,Endless Blade Guard,闇,【ブレードガード】の効果時間延長（Ver.5.1まではLv1につき3秒）,2026-03-12 12:56:29,2026-03-31 14:36:47
365,ドラゴンスラッシュの極意,どらごんすらっしゅのごくい,Dragon Smash Mastery,闇,【ドラゴンスラッシュ】のドラゴン系へのダメージ上昇（Ver.3.0前期まではLv1につき20%）,2026-03-12 12:56:29,2026-03-31 14:36:47
366,ぶんまわしの極意,ぶんまわしのごくい,Helichopter Mastery,闇,【ぶんまわし】のダメージ上昇（Ver.5.1まではLv1につき8%）,2026-03-12 12:56:29,2026-03-31 14:36:47
367,ぶんまわしの真髄,ぶんまわしのしんずい,Helichopter Essence,闇,【ぶんまわし】のテンションアップ時ダメージ上昇,2026-03-12 12:56:29,2026-03-31 14:36:47
368,フリーズブレードの極意,ふりーずぶれーどのごくい,Frost Fangs Mastery,闇,【フリーズブレード】のダメージ上昇,2026-03-12 12:56:29,2026-03-31 14:36:47
369,渾身斬り系の極意,こんしんぎりけいのごくい,Cutting Edge Mastery,闇,【渾身斬り】【渾身斬り・改】のダメージ上昇,2026-03-12 12:56:30,2026-03-31 14:36:47
370,ブレイブスラッシュの極意,ぶれいぶすらっしゅのごくい,Brave Slash Mastery,闇,【ブレイブスラッシュ】のダメージ上昇,2026-03-12 12:56:30,2026-03-31 14:36:47
371,ビッグバンの極意,びっぐばんのごくい,Big Banga Mastery,闇,【ビッグバン】のダメージ上昇,2026-03-12 12:56:30,2026-03-31 14:36:47
372,全身全霊斬り系の極意,ぜんしんぜんれいぎりけいのごくい,Unbridled Blade Mastery,闇,【全身全霊斬り】【全身全霊斬り・改】のダメージ上昇,2026-03-12 12:56:30,2026-03-31 14:36:47
373,全身全霊斬り系の真髄,ぜんしんぜんれいぎりけいのしんずい,Unbridled Blade Essence,闇,全身全霊斬り、全身全霊斬り・改のテンションアップ時ダメージ上昇,2026-03-12 12:56:30,2026-03-31 14:36:47
374,プラズマブレードの極意,ぷらずまぶれーどのごくい,Plasma Blade Mastery,闇,【プラズマブレード】のダメージ上昇（Ver.5.1まではLv1につき8%）,2026-03-12 12:56:30,2026-03-31 14:36:47
375,大旋風斬りの極意,だいせんぷうぎりのごくい,Great Cyclone Slash Mastery,闇,【大旋風斬り】のダメージ上昇,2026-03-12 12:56:30,2026-03-31 14:36:47
376,キラーブーンの極意,きらーぶーんのごくい,Fly Swat Mastery,闇,【キラーブーン】の虫系へのダメージ上昇（Ver.3.0前期まではLv1につき20%）,2026-03-12 12:56:30,2026-03-31 14:36:47
377,スリープダガーの極意,すりーぷだがーのごくい,Sleeper Hit Mastery,闇,【スリープダガー】のダメージ上昇（Ver.3.0前期まではLv1につき5%）,2026-03-12 12:56:30,2026-03-31 14:36:47
378,スリープダガーの技巧,すりーぷだがーのぎこう,Sleeper Hit Knack,闇,スリープダガーの成功率上昇,2026-03-12 12:56:30,2026-03-31 14:36:47
379,ヒュプノスハントの極意,ひゅぷのすはんとのごくい,Persecutter Mastery,闇,【ヒュプノスハント】の眠り・混乱中の敵へのダメージ上昇,2026-03-12 12:56:30,2026-03-31 14:36:47
380,ヴァイパーファングの極意,ばいぱーふぁんぐのごくい,Cobra Strike Mastery,闇,【ヴァイパーファング】のダメージ上昇,2026-03-12 12:56:30,2026-03-31 14:36:47
381,ヴァイパーファングの技巧,ばいぱーふぁんぐのぎこう,Cobra Strike Knack,闇,ヴァイパーファングの成功率上昇,2026-03-12 12:56:30,2026-03-31 14:36:47
382,タナトスハント系の極意,たなとすはんとけいのごくい,Victimiser Mastery,闇,【タナトスハント】【タナトスハント・改】の毒・マヒ中の敵へのダメージ上昇（Ver.5.1まではLv1につき3%）,2026-03-12 12:56:30,2026-03-31 14:36:47
383,タナトスハント系の真髄,たなとすはんとけいのしんずい,Victimiser Essence,闇,タナトスハント、タナトスハント・改のテンションアップ時ダメージ上昇,2026-03-12 12:56:30,2026-03-31 14:36:47
384,カオスエッジの極意,かおすえっじのごくい,Chaos Edge Mastery,闇,【カオスエッジ】のダメージ上昇,2026-03-12 12:56:30,2026-03-31 14:36:47
385,ナイトメアファングの極意,ないとめあふぁんぐのごくい,Nightmare Fang Mastery,闇,【ナイトメアファング】のダメージ上昇,2026-03-12 12:56:30,2026-03-31 14:36:47
386,オネロスハントの極意,おねろすはんとのごくい,Oneros Hunt Mastery,闇,【オネロスハント】の休み中の敵へのダメージ上昇,2026-03-12 12:56:30,2026-03-31 14:36:47
387,ネメシスエッジの極意,ねめしすえっじのごくい,Nemesis Edge Mastery,闇,【ネメシスエッジ】のダメージ上昇,2026-03-12 12:56:30,2026-03-31 14:36:47
388,ネメシスエッジの真髄,ねめしすえっじのしんずい,Nemesis Edge Essence,闇,【ネメシスエッジ】のテンションアップ時ダメージ上昇,2026-03-12 12:56:30,2026-03-31 14:36:47
389,果てなきマジステッキ,はてなきまじすてっき,Endless Magic Stick,闇,【マジステッキ】の効果時間延長（Ver.5.1まではLv1につき3秒）,2026-03-12 12:56:30,2026-03-31 14:36:47
390,デビルンチャームの極意,でびるんちゃーむのごくい,Devil's Delight Mastery,闇,【デビルンチャーム】のあくま系へのダメージ（上段）と魅了成功率（下段）上昇,2026-03-12 12:56:30,2026-03-31 14:36:47
391,パニパニハニーの技巧,ぱにぱにはにーのぎこう,Wizzy Wand Knack,闇,【パニパニハニー】の成功率上昇（Ver.3.0前期まではLv1につき2%）,2026-03-12 12:56:30,2026-03-31 14:36:47
392,ディバインステッキの技巧,でぃばいんすてっきのぎこう,Divine Stick Knack,闇,【ディバインステッキ】の成功率上昇,2026-03-12 12:56:30,2026-03-31 14:36:47
393,ホップスティックの戦域,ほっぷすてぃっくのせんいき,Hop Stick Beat,闇,【ホップスティック】の範囲拡大,2026-03-12 12:56:30,2026-03-31 14:36:47
394,スピリットゾーンの戦域,すぴりっとぞーんのせんいき,Spirit Zone Beat,闇,【スピリットゾーン】の範囲拡大,2026-03-12 12:56:30,2026-03-31 14:36:47
395,悪魔ばらいの極意,あくまばらいのごくい,Beelzefreeze Mastery,闇,【悪魔ばらい】のあくま系へのダメージ（上段）とマヒ成功率（下段）上昇,2026-03-12 12:56:30,2026-03-31 14:36:47
396,果てなき早詠みの杖,はてなきはやよみのつえ,Endless Fast Chant Staff,闇,発生手段を問わず、自分にかかる【詠唱時間短縮】の効果時間を延長（両手杖装備時のみ有効）（Ver.5.1まではLv1につき2秒）,2026-03-12 12:56:30,2026-03-31 14:36:47
397,しゅくふくの杖の奇跡,しゅくふくのつえのきせき,Staff of Salvation Miracle,闇,【しゅくふくの杖】の回復量上昇,2026-03-12 12:56:30,2026-03-31 14:36:47
398,果てなき活命の杖,はてなきかつめいのつえ,Endless Life-Raising Staff,闇,【活命の杖】の効果時間延長,2026-03-12 12:56:30,2026-03-31 14:36:47
399,霊脈魔法陣の戦域,れいみゃくまほうじんのせんいき,Ring of Resonance Beat,闇,【霊脈魔法陣】の射程距離延長,2026-03-12 12:56:30,2026-03-31 14:36:47
400,けもの突きの極意,けものづきのごくい,Cattle Prod Mastery,闇,【けもの突き】のけもの系へのダメージ上昇（Ver.3.0前期まではLv1につき20%）,2026-03-12 12:56:30,2026-03-31 14:36:47
401,雷鳴突きの極意,らいめいづきのごくい,Thunder Strike Mastery,闇,【雷鳴突き】のダメージ上昇（Ver.3.0前期まではLv1につき5%）,2026-03-12 12:56:30,2026-03-31 14:36:47
402,一閃突き系の極意,いっせんづきけいのごくい,Thunder Thrust Mastery,闇,【一閃突き】【一閃突き・改】の会心率上昇,2026-03-12 12:56:30,2026-03-31 14:36:47
403,狼牙突きの極意,ろうがづきのごくい,Maulstrom Mastery,闇,【狼牙突き】のダメージ上昇（Ver.5.1まではLv1につき3%）,2026-03-12 12:56:30,2026-03-31 14:36:47
404,狼牙突きの真髄,ろうがづきのしんずい,Maulstrom Essence,闇,狼牙突きのテンションアップ時ダメージ上昇,2026-03-12 12:56:30,2026-03-31 14:36:47
405,さみだれ突き系の極意,さみだれづきけいのごくい,Multithrust Mastery,闇,【さみだれ突き】【さみだれ突き・零】のダメージ上昇,2026-03-12 12:56:30,2026-03-31 14:36:47
406,ジゴスパークの極意,じごすぱーくのごくい,Lightning Storm Mastery,闇,【ジゴスパーク】のダメージ上昇,2026-03-12 12:56:30,2026-03-31 14:36:47
407,ジゴスパークの真髄,じごすぱーくのしんずい,Lightning Storm Essence,闇,ジゴスパークのテンションアップ時ダメージ上昇,2026-03-12 12:56:30,2026-03-31 14:36:47
408,武神の護法の極意,ぶしんのごほうのごくい,War God's Protection Mastery,闇,【武神の護法】のダメージ上昇,2026-03-12 12:56:30,2026-03-31 14:36:47
409,武神の護法の技巧,ぶしんのごほうのぎこう,War God's Protection Knack,闇,武神の護法の成功率上昇,2026-03-12 12:56:30,2026-03-31 14:36:47
410,超さみだれ突きの極意,ちょうさみだれづきのごくい,Ultra Multithrust Mastery,闇,【超さみだれ突き】のダメージ上昇,2026-03-12 12:56:30,2026-03-31 14:36:47
411,たいぼく斬の極意,たいぼくぎりのごくい,Poplar Toppler Mastery,闇,【たいぼく斬】の植物系へのダメージ上昇（Ver.3.0前期まではLv1につき20%）,2026-03-12 12:56:30,2026-03-31 14:36:47
412,蒼天魔斬の極意,そうてんまざんのごくい,Parallax Mastery,闇,【蒼天魔斬】のダメージ上昇（Ver.5.1まではLv1につき3%）,2026-03-12 12:56:30,2026-03-31 14:36:47
413,かぶと割りの極意,かぶとわりのごくい,かぶ and 割り Mastery,闇,【かぶと割り】のダメージ上昇（Ver.3.0前期まではLv1につき2%）,2026-03-12 12:56:30,2026-03-31 14:36:47
414,まじん斬りの極意,まじんぎりのごくい,Hatchet Man Mastery,闇,【まじん斬り】の会心率上昇,2026-03-12 12:56:30,2026-03-31 14:36:47
415,オノむそう系の極意,おのむそうけいのごくい,Axes of Evil Mastery,闇,【オノむそう】【オノむそう・改】のダメージ上昇（Ver.5.1まではLv1につき3%）,2026-03-12 12:56:30,2026-03-31 14:36:47
416,オノむそう系の真髄,おのむそうけいのしんずい,Axes of Evil Essence,闇,テンション時、オノむそう、オノむそう・改のダメージ上昇,2026-03-12 12:56:30,2026-03-31 14:36:47
417,鉄甲斬系の極意,てっこうざんけいのごくい,Scrap Mettle Mastery,闇,【鉄甲斬】【鉄甲斬・改】のダメージ上昇,2026-03-12 12:56:30,2026-03-31 14:36:47
418,真・オノむそう系の極意,しん・おのむそうけいのごくい,Axes of True Evil Mastery,闇,【真・オノむそう】【真・オノむそう・改】のダメージ上昇（Ver.5.1まではLv1につき3%）,2026-03-12 12:56:30,2026-03-31 14:36:47
419,真・オノむそう系の真髄,しん・おのむそうけいのしんずい,Axes of True Evil Essence,闇,テンション時、真・オノむそう、真・オノむそう・改のダメージ上昇,2026-03-12 12:56:30,2026-03-31 14:36:47
420,降魔紅蓮斬の極意,ごうまぐれんざんのごくい,Guren Demon Slash Mastery,闇,【降魔紅蓮斬】のダメージ上昇（Ver.5.1まではLv1につき4%）,2026-03-12 12:56:30,2026-03-31 14:36:47
421,大地裂断系の極意,だいちれつだんけいのごくい,Earthsplitter Mastery,闇,【大地裂断】【大地裂断・改】のダメージ上昇,2026-03-12 12:56:30,2026-03-31 14:36:47
422,足ばらいの技巧,あしばらいのぎこう,Leg Sweep Knack,闇,【足ばらい】の成功率上昇（Ver.3.0前期まではLv1につき2%）,2026-03-12 12:56:30,2026-03-31 14:36:47
423,黄泉送りの極意,よみおくりのごくい,Deliverance Mastery,闇,【黄泉送り】のゾンビ系へのダメージ上昇（Ver.3.0前期まではLv1につき20%）,2026-03-12 12:56:30,2026-03-31 14:36:47
424,なぎはらいの極意,なぎはらいのごくい,Party Pooper Mastery,闇,【なぎはらい】のダメージ上昇（Ver.5.1まではLv1につき2%）,2026-03-12 12:56:30,2026-03-31 14:36:47
425,なぎはらいの真髄,なぎはらいのしんずい,Party Pooper Essence,闇,テンション時、なぎはらいのダメージ上昇,2026-03-12 12:56:30,2026-03-31 14:36:47
426,氷結らんげき系の極意,ひょうけつらんげきけいのごくい,Crushed Ice Mastery,闇,【氷結らんげき】【氷結らんげき・改】のダメージ上昇（Ver.5.1まではLv1につき4%）,2026-03-12 12:56:30,2026-03-31 14:36:47
427,奥義・棍閃殺の極意,おうぎ・こんせんさつのごくい,Flash Kill Mastery,闇,【奥義・棍閃殺】のダメージ上昇（Ver.5.1まではLv1につき3%）,2026-03-12 12:56:30,2026-03-31 14:36:47
428,奥義・棍閃殺の真髄,おうぎ・こんせんさつのしんずい,Flash Kill Essence,闇,テンション時、奥義・棍閃殺のダメージ上昇,2026-03-12 12:56:30,2026-03-31 14:36:47
429,占技・天輪殺の極意,せんぎ・てんりんさつのごくい,Divine Harmony Mastery,闇,【占技・天輪殺】のダメージ上昇,2026-03-12 12:56:30,2026-03-31 14:36:47
430,占技・天輪殺の真髄,せんぎ・てんりんさつのしんずい,Divine Harmony Essence,闇,テンション時、占技・天輪殺のダメージ上昇,2026-03-12 12:56:30,2026-03-31 14:36:47
431,断空なぎはらいの極意,だんくうなぎはらいのごくい,Vacuum Sweep Mastery,闇,【断空なぎはらい】のダメージ上昇（Ver.5.1まではLv1につき3%）,2026-03-12 12:56:30,2026-03-31 14:36:47
432,豪雪氷結乱撃系の極意,ごうせつひょうけつらんげきけいのごくい,Glacial Barrage Mastery,闇,【豪雪氷結乱撃】【豪雪氷結乱撃・改】のダメージ上昇,2026-03-12 12:56:30,2026-03-31 14:36:47
433,ウィングブロウの極意,うぃんぐぶろうのごくい,Propeller Blade Mastery,闇,【ウィングブロウ】のダメージ上昇,2026-03-12 12:56:30,2026-03-31 14:36:47
434,裂鋼拳の極意,れっこうけんのごくい,Can Opener Mastery,闇,【裂鋼拳】のマシン系へのダメージ上昇（Ver.5.1まではLv1につき20%）,2026-03-12 12:56:30,2026-03-31 14:36:47
435,必中拳の極意,ひっちゅうけんのごくい,Hawkeye Claw Mastery,闇,【必中拳】のダメージ（上段）と会心率（下段）上昇,2026-03-12 12:56:30,2026-03-31 14:36:47
436,タイガークローの極意,たいがーくろーのごくい,Hardclaw Mastery,闇,【タイガークロー】のダメージ上昇（Ver.5.1まではLv1につき2%）,2026-03-12 12:56:30,2026-03-31 14:36:47
437,タイガークローの真髄,たいがーくろーのしんずい,Hardclaw Essence,闇,テンション時、タイガークローのダメージ上昇,2026-03-12 12:56:30,2026-03-31 14:36:47
438,ゴールドフィンガーの極意,ごーるどふぃんがーのごくい,Rake 'n' Break Mastery,闇,【ゴールドフィンガー】のダメージ上昇,2026-03-12 12:56:30,2026-03-31 14:36:47
439,サイクロンアッパーの極意,さいくろんあっぱーのごくい,Air Raiser Mastery,闇,【サイクロンアッパー】のダメージ上昇,2026-03-12 12:56:30,2026-03-31 14:36:47
440,サマーソルトクローの極意,さまーそるとくろーのごくい,Somersault Claw Mastery,闇,【サマーソルトクロー】のダメージ上昇,2026-03-12 12:56:30,2026-03-31 14:36:47
441,ライガークラッシュの極意,らいがーくらっしゅのごくい,Wild Animaul Mastery,闇,【ライガークラッシュ】のダメージ上昇,2026-03-12 12:56:30,2026-03-31 14:36:47
442,ライガークラッシュの真髄,らいがーくらっしゅのしんずい,Wild Animaul Essence,闇,テンション時、ライガークラッシュのダメージ上昇,2026-03-12 12:56:30,2026-03-31 14:36:47
443,果てなき牙神昇誕系,はてなきがしんしょうたんけい,Endless Fang God Ascension,闇,【牙神昇誕】【牙神昇誕・改】の効果時間延長,2026-03-12 12:56:30,2026-03-31 14:36:47
444,ゴッドスマッシュの極意,ごっどすまっしゅのごくい,Godsmash Mastery,闇,【ゴッドスマッシュ】のダメージ上昇,2026-03-12 12:56:30,2026-03-31 14:36:47
445,らせん打ちの極意,らせんうちのごくい,Hypnowhip Mastery,闇,【らせん打ち】のダメージ上昇（Ver.3.0前期まではLv1につき5%）,2026-03-12 12:56:30,2026-03-31 14:36:47
446,らせん打ちの技巧,らせんうちのぎこう,Hypnowhip Knack,闇,らせん打ちの成功率上昇,2026-03-12 12:56:30,2026-03-31 14:36:47
447,愛のムチの極意,あいのむちのごくい,Lashings of Love Mastery,闇,【愛のムチ】の怪人系へのダメージ上昇（Ver.3.0前期まではLv1につき20%）,2026-03-12 12:56:30,2026-03-31 14:36:47
448,スパークショットの極意,すぱーくしょっとのごくい,Starstrike Mastery,闇,【スパークショット】のダメージ上昇（Ver.3.0前期まではLv1につき2%）,2026-03-12 12:56:30,2026-03-31 14:36:47
449,スパークショットの技巧,すぱーくしょっとのぎこう,Starstrike Knack,闇,スパークショットの成功率上昇,2026-03-12 12:56:30,2026-03-31 14:36:47
450,しばり打ちの極意,しばりうちのごくい,Trammel Lash Mastery,闇,【しばり打ち】のダメージ上昇,2026-03-12 12:56:30,2026-03-31 14:36:47
451,しばり打ちの技巧,しばりうちのぎこう,Trammel Lash Knack,闇,しばり打ちの成功率上昇,2026-03-12 12:56:30,2026-03-31 14:36:47
452,地ばしり打ちの極意,じばしりうちのごくい,Strifeline Mastery,闇,【地ばしり打ち】のダメージ上昇（Ver.5.1まではLv1につき3%）,2026-03-12 12:56:30,2026-03-31 14:36:47
453,双竜打ちの極意,そうりゅううちのごくい,Twin Dragon Lash Mastery,闇,【双竜打ち】のダメージ上昇（Ver.5.1まではLv1につき3%）,2026-03-12 12:56:30,2026-03-31 14:36:47
454,双竜打ちの真髄,そうりゅううちのしんずい,Twin Dragon Lash Essence,闇,テンション時、双竜打ちのダメージ上昇,2026-03-12 12:56:30,2026-03-31 14:36:47
455,疾風迅雷の極意,しっぷうじんらいのごくい,Whipcrackle Mastery,闇,【疾風迅雷】のダメージ上昇（Ver.5.1まではLv1につき3%）,2026-03-12 12:56:30,2026-03-31 14:36:47
456,極竜打ちの極意,きょくりゅううちのごくい,Wyrm Whip Mastery,闇,【極竜打ち】のダメージ上昇（Ver.5.1まではLv1につき3%）,2026-03-12 12:56:30,2026-03-31 14:36:47
457,極竜打ちの真髄,きょくりゅううちのしんずい,Wyrm Whip Essence,闇,テンション時、極竜打ちのダメージ上昇,2026-03-12 12:56:30,2026-03-31 14:36:47
458,バイキルショットの極意,ばいきるしょっとのごくい,Bikill Shot Mastery,闇,【バイキルショット】のダメージ上昇,2026-03-12 12:56:30,2026-03-31 14:36:47
459,悶絶全方打ちの極意,もんぜつぜんぽううちのごくい,Stupefying All-Round Strike Mastery,闇,【悶絶全方打ち】のダメージ上昇,2026-03-12 12:56:30,2026-03-31 14:36:47
460,花ふぶきの技巧,はなふぶきのぎこう,Flower Power Knack,闇,【花ふぶき】の成功率上昇（Ver.3.0前期まではLv1につき2%）（Ver.5.1まではLv1につき8%）,2026-03-12 12:56:30,2026-03-31 14:36:47
461,波紋演舞の極意,はもんえんぶのごくい,Water Slaughterer Mastery,闇,【波紋演舞】の水系へのダメージ上昇（Ver.3.0前期まではLv1につき20%）,2026-03-12 12:56:30,2026-03-31 14:36:47
462,タタリ目演舞の極意,たたりめえんぶのごくい,Unfortunate Frolic Mastery,闇,【タタリ目演舞】のダメージ上昇,2026-03-12 12:56:30,2026-03-31 14:36:47
463,おうぎのまい系の極意,おうぎのまいけいのごくい,Fan Dango Mastery,闇,【おうぎのまい】【おうぎのまい・改】のダメージ上昇（Ver.3.0前期まではLv1につき2%）,2026-03-12 12:56:30,2026-03-31 14:36:47
464,アゲハ乱舞系の極意,あげはらんぶけいのごくい,Butterfly Bop Mastery,闇,【アゲハ乱舞】【アゲハ乱舞・改】のダメージ上昇（Ver.5.1まではLv1につき3%）,2026-03-12 12:56:30,2026-03-31 14:36:47
465,アゲハ乱舞系の真髄,あげはらんぶけいのしんずい,Butterfly Bop Essence,闇,アゲハ乱舞、アゲハ乱舞・改のテンションアップ時ダメージ上昇,2026-03-12 12:56:30,2026-03-31 14:36:47
466,ピンクタイフーンの極意,ぴんくたいふーんのごくい,Pink Typhoon Mastery,闇,【ピンクタイフーン】のダメージ上昇,2026-03-12 12:56:30,2026-03-31 14:36:47
467,百花繚乱系の極意,ひゃっかりょうらんけいのごくい,Flowerstorm Mastery,闇,【百花繚乱】【百花繚乱・改】のダメージ上昇（Ver.5.1まではLv1につき3%）,2026-03-12 12:56:30,2026-03-31 14:36:47
468,百花繚乱系の真髄,ひゃっかりょうらんけいのしんずい,Flowerstorm Essence,闇,百花繚乱、百花繚乱・改のテンションアップ時ダメージ上昇,2026-03-12 12:56:30,2026-03-31 14:36:47
469,風斬りの舞の戦域,かぜきりのまいのせんいき,Windcutter Dance Beat,闇,【風斬りの舞】の範囲拡大,2026-03-12 12:56:30,2026-03-31 14:36:47
470,おうぎ乱舞系の極意,おうぎらんぶけいのごくい,Fandango Mastery,闇,【おうぎ乱舞】【おうぎ乱舞・改】のダメージ上昇,2026-03-12 12:56:30,2026-03-31 14:36:47
471,ウェイトブレイクの極意,うぇいとぶれいくのごくい,Weight Break Mastery,闇,【ウェイトブレイク】のダメージ上昇（Ver.3.0前期まではLv1につき2%）,2026-03-12 12:56:30,2026-03-31 14:36:47
472,ウェイトブレイクの技巧,うぇいとぶれいくのぎこう,Weight Break Knack,闇,ウェイトブレイクの成功率上昇,2026-03-12 12:56:30,2026-03-31 14:36:47
473,ドラムクラッシュの極意,どらむくらっしゅのごくい,Monster Masher Mastery,闇,【ドラムクラッシュ】の物質系へのダメージ上昇（Ver.3.0前期まではLv1につき20%）,2026-03-12 12:56:30,2026-03-31 14:36:47
474,シールドブレイクの極意,しーるどぶれいくのごくい,Shattershield Mastery,闇,【シールドブレイク】のダメージ上昇,2026-03-12 12:56:30,2026-03-31 14:36:47
475,シールドブレイクの技巧,しーるどぶれいくのぎこう,Shattershield Knack,闇,シールドブレイクの成功率上昇,2026-03-12 12:56:30,2026-03-31 14:36:47
476,キャンセルショットの技巧,きゃんせるしょっとのぎこう,Cancel Shot Knack,闇,【キャンセルショット】の成功率上昇,2026-03-12 12:56:30,2026-03-31 14:36:47
477,ランドインパクトの極意,らんどいんぱくとのごくい,Crackerwhack Mastery,闇,【ランドインパクト】のダメージ上昇,2026-03-12 12:56:30,2026-03-31 14:36:47
478,ランドインパクトの真髄,らんどいんぱくとのしんずい,Crackerwhack Essence,闇,【ランドインパクト】のテンションアップ時ダメージ上昇,2026-03-12 12:56:30,2026-03-31 14:36:47
479,スタンショットの技巧,すたんしょっとのぎこう,Stun Smash Knack,闇,【スタンショット】の成功率上昇（Ver.5.1まではLv1につき1%）,2026-03-12 12:56:30,2026-03-31 14:36:47
480,プレートインパクトの極意,ぷれーといんぱくとのごくい,Plate Impact Mastery,闇,【プレートインパクト】のダメージ上昇,2026-03-12 12:56:30,2026-03-31 14:36:47
481,プレートインパクトの真髄,ぷれーといんぱくとのしんずい,Plate Impact Essence,闇,【プレートインパクト】のテンションアップ時ダメージ上昇,2026-03-12 12:56:30,2026-03-31 14:36:47
482,デビルクラッシュの極意,でびるくらっしゅのごくい,Devil Crusher Mastery,闇,【デビルクラッシュ】のダメージ上昇,2026-03-12 12:56:30,2026-03-31 14:36:47
483,アースクラッシュの極意,あーすくらっしゅのごくい,Earth Crusher Mastery,闇,【アースクラッシュ】のダメージ上昇,2026-03-12 12:56:30,2026-03-31 14:36:47
484,スライムブロウの極意,すらいむぶろうのごくい,Ooze Bruiser Mastery,闇,【スライムブロウ】のスライム系へのダメージ上昇（Ver.3.0前期まではLv1につき20%）,2026-03-12 12:56:30,2026-03-31 14:36:47
485,パワフルスローの極意,ぱわふるすろーのごくい,Power Throw Mastery,闇,【パワフルスロー】のダメージ（上段）と会心率（下段）上昇（Ver.3.0前期まではLv1につきダメージ2%）,2026-03-12 12:56:30,2026-03-31 14:36:48
486,シャインスコールの極意,しゃいんすこーるのごくい,Starburst Throw Mastery,闇,【シャインスコール】のダメージ上昇（Ver.3.0前期まではLv1につき5%）,2026-03-12 12:56:30,2026-03-31 14:36:48
487,バーニングバードの極意,ばーにんぐばーどのごくい,Firebird Throw Mastery,闇,【バーニングバード】のダメージ上昇,2026-03-12 12:56:30,2026-03-31 14:36:48
488,バーニングスワローの極意,ばーにんぐすわろーのごくい,Blazebird Throw Mastery,闇,【バーニングスワロー】のダメージ上昇,2026-03-12 12:56:30,2026-03-31 14:36:48
489,デュアルカッターの極意,でゅあるかったーのごくい,Twomerang Mastery,闇,【デュアルカッター】のダメージ上昇,2026-03-12 12:56:30,2026-03-31 14:36:48
490,デュアルカッターの真髄,でゅあるかったーのしんずい,Twomerang Essence,闇,デュアルカッターのテンションアップ時ダメージ上昇,2026-03-12 12:56:30,2026-03-31 14:36:48
491,フローズンバードの極意,ふろーずんばーどのごくい,Icebird Throw Mastery,闇,【フローズンバード】のダメージ上昇,2026-03-12 12:56:30,2026-03-31 14:36:48
492,フローズンスワローの極意,ふろーずんすわろーのごくい,Frostbird Throw Mastery,闇,【フローズンスワロー】のダメージ上昇,2026-03-12 12:56:30,2026-03-31 14:36:48
493,デュアルブレイカーの極意,でゅあるぶれいかーのごくい,Double Down Mastery,闇,【デュアルブレイカー】のダメージ上昇,2026-03-12 12:56:30,2026-03-31 14:36:48
494,デュアルブレイカーの真髄,でゅあるぶれいかーのしんずい,Double Down Essence,闇,デュアルブレイカーのテンションアップ時ダメージ上昇,2026-03-12 12:56:30,2026-03-31 14:36:48
495,レボルスライサーの極意,れぼるすらいさーのごくい,Revol Slicer Mastery,闇,【レボルスライサー】のダメージ上昇,2026-03-12 12:56:30,2026-03-31 14:36:48
496,ギガスローの極意,ぎがすろーのごくい,Gigasthrow Mastery,闇,【ギガスロー】のダメージ上昇,2026-03-12 12:56:30,2026-03-31 14:36:48
497,ギガシュートの極意,ぎがしゅーとのごくい,Gigashot Mastery,闇,【ギガシュート】のダメージ上昇,2026-03-12 12:56:30,2026-03-31 14:36:48
498,マジックアローの極意,まじっくあろーのごくい,Conjury Conductor Mastery,闇,【マジックアロー】のダメージ上昇（Ver.3.0前期まではLv1につき2%）,2026-03-12 12:56:30,2026-03-31 14:36:48
499,マジックアローの技巧,まじっくあろーのぎこう,Conjury Conductor Knack,闇,マジックアローの成功率上昇,2026-03-12 12:56:30,2026-03-31 14:36:48
500,バードシュートの極意,ばーどしゅーとのごくい,Flutter Disaster Mastery,闇,【バードシュート】の鳥系へのダメージ上昇（Ver.3.0前期まではLv1につき20%）,2026-03-12 12:56:30,2026-03-31 14:36:48
501,サンダーボルトの極意,さんだーぼるとのごくい,Thunderbolt Mastery,闇,【サンダーボルト】のダメージ上昇（Ver.3.0前期まではLv1につき5%）,2026-03-12 12:56:30,2026-03-31 14:36:48
502,さみだれうち系の極意,さみだれうちけいのごくい,Rain of Pain Mastery,闇,【さみだれうち】【さみだれうち・改】のダメージ上昇,2026-03-12 12:56:30,2026-03-31 14:36:48
503,さみだれうち系の真髄,さみだれうちけいのしんずい,Rain of Pain Essence,闇,さみだれうち、さみだれうち・改のテンションアップ時ダメージ上昇,2026-03-12 12:56:30,2026-03-31 14:36:48
504,天使の矢の極意,てんしのやのごくい,Hallowed Arrow Mastery,闇,【天使の矢】のダメージ（上段）と回復量（下段）上昇,2026-03-12 12:56:30,2026-03-31 14:36:48
505,シャイニングボウの極意,しゃいにんぐぼうのごくい,Shining Shot Mastery,闇,【シャイニングボウ】のダメージ上昇,2026-03-12 12:56:30,2026-03-31 14:36:48
506,弓聖の守り星の戦域,きゅうせいのまもりぼしのせんいき,Ailment Curtailment Beat,闇,【弓聖の守り星】の範囲拡大,2026-03-12 12:56:30,2026-03-31 14:36:48
507,弓神の守護星座の戦域,きゅうしんのしゅごせいざのせんいき,Ailment Derailment Beat,闇,【弓神の守護星座】の範囲拡大,2026-03-12 12:56:30,2026-03-31 14:36:48
508,ダークネスショットの極意,だーくねすしょっとのごくい,Darkness Shot Mastery,闇,【ダークネスショット】のダメージ上昇,2026-03-12 12:56:30,2026-03-31 14:36:48
509,ダークネスショットの真髄,だーくねすしょっとのしんずい,Darkness Shot Essence,闇,ダークネスショットのテンションアップ時ダメージ上昇,2026-03-12 12:56:30,2026-03-31 14:36:48
510,ロストスナイプの極意,ろすとすないぷのごくい,Lost Snipe Mastery,闇,【ロストスナイプ】のダメージ上昇,2026-03-12 12:56:30,2026-03-31 14:36:48
511,ロストショットの極意,ろすとしょっとのごくい,Lost Shot Mastery,闇,【ロストショット】のダメージ上昇,2026-03-12 12:56:30,2026-03-31 14:36:48
512,サンライトアローの極意,さんらいとあろーのごくい,Sunlight Arrow Mastery,闇,【サンライトアロー】のダメージ上昇,2026-03-12 12:56:30,2026-03-31 14:36:48
513,セイクリッドボウの極意,せいくりっどぼうのごくい,Sacred Shot Mastery,闇,【セイクリッドボウ】のダメージ上昇,2026-03-12 12:56:30,2026-03-31 14:36:48
514,果てなき血吸いの守り,はてなきちすいのまもり,Endless Siphon Guard,闇,【血吸いの守り】の効果時間延長,2026-03-12 12:56:30,2026-03-31 14:36:48
515,果てなき蒼月の守り,はてなきそうげつのまもり,Endless Blue Moon Guard,闇,【蒼月の守り】の効果時間延長,2026-03-12 12:56:30,2026-03-31 14:36:48
516,冥王のかまの極意,めいおうのかまのごくい,Grimmer Reaper Mastery,闇,【冥王のかま】のダメージ上昇,2026-03-12 12:56:30,2026-03-31 14:36:48
517,魂狩りの極意,たましいがりのごくい,Soul Hunt Mastery,闇,【魂狩り】の会心率上昇（Ver.5.1まではLv1につき2%）,2026-03-12 12:56:30,2026-03-31 14:36:48
518,災いの斬撃の極意,わざわいのざんげきのごくい,Calamity Slash Mastery,闇,【災いの斬撃】のダメージ上昇,2026-03-12 12:56:30,2026-03-31 14:36:48
519,災いの斬撃の真髄,わざわいのざんげきのしんずい,Calamity Slash Essence,闇,テンション時、災いの斬撃のダメージ上昇,2026-03-12 12:56:30,2026-03-31 14:36:48
520,ハデスの宴の極意,はですのうたげのごくい,Feast of Hades Mastery,闇,【ハデスの宴】のダメージ上昇,2026-03-12 12:56:30,2026-03-31 14:36:48
521,果てなきハデスの宴,はてなきはですのうたげ,Endless Feast of Hades,闇,ハデスの宴の効果時間延長,2026-03-12 12:56:30,2026-03-31 14:36:48
522,厄災の滅撃の極意,やくさいのめつげきのごくい,Calamity Strike Mastery,闇,【厄災の滅撃】のダメージ上昇,2026-03-12 12:56:30,2026-03-31 14:36:48
523,根絶やしの重撃の極意,ねだやしのじゅうげきのごくい,Eradication Heavy Blow Mastery,闇,【根絶やしの重撃】のダメージ上昇,2026-03-12 12:56:30,2026-03-31 14:36:48
524,根絶やしの重撃の真髄,ねだやしのじゅうげきのしんずい,Eradication Heavy Blow Essence,闇,テンション時、根絶やしの重撃のダメージ上昇,2026-03-12 12:56:30,2026-03-31 14:36:48
525,石つぶての極意,いしつぶてのごくい,Stone's Throw Mastery,闇,【石つぶて】のダメージ上昇（Ver.3.0前期まではLv1につき10%）,2026-03-12 12:56:30,2026-03-31 14:36:48
526,かまいたちの極意,かまいたちのごくい,Cyclown Mastery,闇,【かまいたち】のエレメント系へのダメージ上昇（Ver.3.0前期まではLv1につき20%）,2026-03-12 12:56:30,2026-03-31 14:36:48
527,せいけん突きの極意,せいけんづきのごくい,Knuckle Sandwich Mastery,闇,【せいけん突き】のダメージ（上段）と会心率（下段）上昇,2026-03-12 12:56:30,2026-03-31 14:36:48
528,ムーンサルトの極意,むーんさるとのごくい,Harvest Moon Mastery,闇,【ムーンサルト】の飛行系の敵へのダメージ上昇,2026-03-12 12:56:30,2026-03-31 14:36:48
529,ばくれつけんの極意,ばくれつけんのごくい,Multifists Mastery,闇,【ばくれつけん】のダメージ上昇,2026-03-12 12:56:30,2026-03-31 14:36:48
530,岩石おとしの極意,がんせきおとしのごくい,岩石お and し Mastery,闇,【岩石おとし】のダメージ上昇,2026-03-12 12:56:30,2026-03-31 14:36:48
531,せいけん爆撃の極意,せいけんばくげきのごくい,Glove Bomb Mastery,闇,【せいけん爆撃】のダメージ（上段）と会心率（下段）上昇,2026-03-12 12:56:30,2026-03-31 14:36:48
532,しんくうはの極意,しんくうはのごくい,Vacuum Wave Mastery,闇,【しんくうは】のダメージ上昇,2026-03-12 12:56:30,2026-03-31 14:36:48
533,ばくれつきゃくの極意,ばくれつきゃくのごくい,Exploding Kick Mastery,闇,【ばくれつきゃく】のダメージ上昇,2026-03-12 12:56:30,2026-03-31 14:36:48
536,聖女の守りの戦域,せいじょのまもりのせんいき,Alma Mater Beat,光,聖女の守りの射程の射程 +0.2m,2026-03-25 13:49:01,2026-03-31 14:36:48
537,キラキラポーンの戦域,きらきらぽーんのせんいき,Snap Crackle Poof Beat,闇,キラキラポーンの射程　+0.3m,2026-03-25 13:55:23,2026-03-31 14:36:48
538,ホップストリームの戦域,ほっぷすとりーむのせんいき,Hop Stream Beat,闇,ホップストリームの射程 +0.4m,2026-03-25 13:56:14,2026-03-31 14:36:48
540,ストームカイザーの閃き,すとーむかいざーのひらめき,,光,ゾーン突入率が0.5%増える,2026-06-26 18:46:38,2026-06-26 18:46:38
541,果てなき霊鳥の加護,はてなきれいちょうのかご,,光,追加ダメージ上昇の効果時間が1秒増える,2026-06-26 18:47:29,2026-06-26 18:47:29
542,疾風乱舞の極意,しっぷうらんぶのごくい,,光,疾風乱舞のダメージが3%増える,2026-06-26 18:48:12,2026-06-26 18:48:12
543,烈風空絶斬の極意,れっぷうくうぜつざんのごくい,,光,烈風空絶斬のダメージが3%増える,2026-06-26 18:48:58,2026-06-26 18:48:58
544,果てなき嵐まとい,はてなきあらしまとい,,光,嵐まといの効果時間が1秒増える,2026-06-26 18:49:28,2026-06-26 18:49:28
545,嵐帝斬りの極意,らんていぎりのごくい,,光,嵐帝斬りのダメージが2%増える,2026-06-26 18:50:03,2026-06-26 18:50:03
546,たつまき旋風の極意,たつまきせんぷうのごくい,,光,たつまき旋風のダメージが3%増える,2026-06-26 18:50:32,2026-06-26 18:50:32
547,六攻おろしの極意,ろっこうおろしのごくい,,光,六攻おろしのダメージが3%増える,2026-06-26 18:51:10,2026-06-26 18:51:10
